"98593611956","13","1","Enabled"
"98593611963","0","0","Disabled"
"98593611970","63","1","Enabled"
"98593611987","22","1","Enabled"
"98593611857","8","0","Disabled"
"98593611864","13","1","Enabled"
"98593611871","5","0","Disabled"
"98593611888","2","0","Disabled"
"98593612106","0","0","Disabled"
"98593612113","1","0","Disabled"
"98593612120","0","0","Disabled"
"98593612137","0","0","Disabled"
"98593612007","0","0","Disabled"
"98593612014","3","0","Disabled"
"98593612021","1","0","Disabled"
"98593612038","1","0","Disabled"
"98593612250","0","0","Disabled"
"98593612267","3","0","Disabled"
"98593612274","0","0","Disabled"
"98593612281","0","0","Disabled"
"98593612151","0","0","Disabled"
"98593612168","0","0","Disabled"
"98593612175","1","0","Disabled"
"98593612182","0","0","Disabled"
"98593612557","0","0","Disabled"
"98593612564","0","0","Disabled"
"98593612571","0","0","Disabled"
"98593612588","0","0","Disabled"
"98593612458","0","0","Disabled"
"98593612465","0","0","Disabled"
"98593612472","0","0","Disabled"
"98593612489","0","0","Disabled"
"98593612854","0","0","Disabled"
"98593612861","0","0","Disabled"
"98593612878","0","0","Disabled"
"98593612885","0","0","Disabled"
"98593612755","0","0","Disabled"
"98593612762","1","0","Disabled"
"98593612779","0","0","Disabled"
"98593612786","0","0","Disabled"
"98593613004","0","0","Disabled"
"98593613011","0","0","Disabled"
"98593613028","0","0","Disabled"
"98593613035","0","0","Disabled"
"98593612908","0","0","Disabled"
"98593612915","0","0","Disabled"
"98593612922","0","0","Disabled"
"98593612939","0","0","Disabled"
"98593985330","1541","1","Enabled"
"98593985347","1559","1","Enabled"
"98593985361","1164","1","Enabled"
"98593985378","555","1","Enabled"
"98593996398","0","0","Disabled"
"98593996404","0","0","Disabled"
"98593996411","0","0","Disabled"
"98593996428","0","0","Disabled"
"98593005045","0","0","Disabled"
"98593005052","0","0","Disabled"
"98593005069","0","0","Disabled"
"98593005076","0","0","Disabled"
"98593996442","0","0","Disabled"
"98593996459","0","0","Disabled"
"98593996466","0","0","Disabled"
"98593996473","0","0","Disabled"
"98593005090","0","0","Disabled"
"98593005106","0","0","Disabled"
"98593005113","0","0","Disabled"
"98593005120","0","0","Disabled"
"98593049155","1","0","Disabled"
"98593049094","1","0","Disabled"
"98593049100","1","0","Disabled"
"98593049124","1","0","Disabled"
"98593754615","5","0","Disabled"
"98593654878","0","0","Disabled"
"98593048240","0","0","Disabled"
"98593048257","0","0","Disabled"
"98593048264","0","0","Disabled"
"98593048271","0","0","Disabled"
"98593048295","0","0","Disabled"
"98593048301","0","0","Disabled"
"98593048318","0","0","Disabled"
"98593048325","0","0","Disabled"
"98593048349","0","0","Disabled"
"98593048356","0","0","Disabled"
"98593048363","0","0","Disabled"
"98593048370","0","0","Disabled"
"98593037114","0","0","Disabled"
"98593608581","2","0","Disabled"
"98593608598","0","0","Disabled"
"98593608604","2","0","Disabled"
"98593608611","0","0","Disabled"
"98593608482","0","0","Disabled"
"98593608499","0","0","Disabled"
"98593608505","0","0","Disabled"
"98593608512","0","0","Disabled"
"98593609151","0","0","Disabled"
"98593609168","0","0","Disabled"
"98593609175","0","0","Disabled"
"98593609182","0","0","Disabled"
"98593609052","1","0","Disabled"
"98593609069","0","0","Disabled"
"98593609076","0","0","Disabled"
"98593609083","0","0","Disabled"
"98593609007","3","0","Disabled"
"98593609014","3","0","Disabled"
"98593609021","0","0","Disabled"
"98593609038","3","0","Disabled"
"98593608901","0","0","Disabled"
"98593608918","0","0","Disabled"
"98593608925","0","0","Disabled"
"98593608932","4","0","Disabled"
"98593027566","0","0","Disabled"
"98593027849","0","0","Disabled"
"98593027948","0","0","Disabled"
"98593058317","0","0","Disabled"
"98593109569","0","0","Disabled"
"98593109613","0","0","Disabled"
"98593108609","0","0","Disabled"
"98593108616","0","0","Disabled"
"98593108654","0","0","Disabled"
"98593108678","0","0","Disabled"
"98593109057","0","0","Disabled"
"98593109125","0","0","Disabled"
"98593109149","0","0","Disabled"
"98593109156","0","0","Disabled"
"98593111463","484","1","Enabled"
"98593111470","659","1","Enabled"
"98593111487","710","1","Enabled"
"98593111494","233","1","Enabled"
"98593123855","0","0","Disabled"
"98593123862","0","0","Disabled"
"98593123879","0","0","Disabled"
"98593123886","0","0","Disabled"
"98593111364","445","1","Enabled"
"98593111371","478","1","Enabled"
"98593111388","580","1","Enabled"
"98593111395","359","1","Enabled"
"98593122254","0","0","Disabled"
"98593122308","0","0","Disabled"
"98593122353","0","0","Disabled"
"98593123787","0","0","Disabled"
"98593111418","1235","1","Enabled"
"98593111425","3434","1","Enabled"
"98593111432","1570","1","Enabled"
"98593111449","313","1","Enabled"
"98593123800","0","0","Disabled"
"98593123817","0","0","Disabled"
"98593123824","0","0","Disabled"
"98593123831","0","0","Disabled"
"98593111562","1192","1","Enabled"
"98593111579","1325","1","Enabled"
"98593111586","787","1","Enabled"
"98593111593","375","1","Enabled"
"98593123954","0","0","Disabled"
"98593123961","0","0","Disabled"
"98593123978","0","0","Disabled"
"98593123985","0","0","Disabled"
"98593111517","781","1","Enabled"
"98593111524","1186","1","Enabled"
"98593111531","309","1","Enabled"
"98593111548","0","0","Disabled"
"98593123909","0","0","Disabled"
"98593123916","0","0","Disabled"
"98593123923","0","0","Disabled"
"98593123930","0","0","Disabled"
"98593108975","0","0","Disabled"
"98593108982","0","0","Disabled"
"98593108999","0","0","Disabled"
"98593121493","0","0","Disabled"
"98593121509","0","0","Disabled"
"98593121516","0","0","Disabled"
"98593121523","0","0","Disabled"
"98593123404","0","0","Disabled"
"98593123411","0","0","Disabled"
"98593123428","0","0","Disabled"
"98593123435","0","0","Disabled"
"98593123459","0","0","Disabled"
"98593123466","0","0","Disabled"
"98593123473","0","0","Disabled"
"98593123480","0","0","Disabled"
"98593122421","0","0","Disabled"
"98593122438","0","0","Disabled"
"98593122445","0","0","Disabled"
"98593122452","0","0","Disabled"
"98593122476","0","0","Disabled"
"98593122483","0","0","Disabled"
"98593122520","0","0","Disabled"
"98593122537","0","0","Disabled"
"98593122551","0","0","Disabled"
"98593122568","0","0","Disabled"
"98593122575","0","0","Disabled"
"98593122582","0","0","Disabled"
"98593122650","0","0","Disabled"
"98593122667","0","0","Disabled"
"98593122674","0","0","Disabled"
"98593122681","0","0","Disabled"
"98593122605","0","0","Disabled"
"98593122612","0","0","Disabled"
"98593122629","0","0","Disabled"
"98593122636","0","0","Disabled"
"98593111180","0","0","Disabled"
"98593111197","0","0","Disabled"
"98593111203","0","0","Disabled"
"98593111210","0","0","Disabled"
"98593111234","0","0","Disabled"
"98593111241","0","0","Disabled"
"98593111289","0","0","Disabled"
"98593111296","0","0","Disabled"
"98593111319","0","0","Disabled"
"98593111326","0","0","Disabled"
"98593111333","0","0","Disabled"
"98593111340","0","0","Disabled"
"98593122377","0","0","Disabled"
"98593122384","0","0","Disabled"
"98593122391","0","0","Disabled"
"98593122407","0","0","Disabled"
"98593118769","0","0","Disabled"
"98593118776","0","0","Disabled"
"98593111821","798","1","Enabled"
"98593111838","1148","1","Enabled"
"98593111845","144","1","Enabled"
"98593111852","269","1","Enabled"
"98593111777","0","0","Disabled"
"98593111784","0","0","Disabled"
"98593111791","0","0","Disabled"
"98593111807","0","0","Disabled"
"98593112026","1057","1","Enabled"
"98593112033","1807","1","Enabled"
"98593112040","2183","1","Enabled"
"98593112057","1349","1","Enabled"
"98593111975","0","0","Disabled"
"98593111982","0","0","Disabled"
"98593111999","0","0","Disabled"
"98593112002","0","0","Disabled"
"98593111920","0","0","Disabled"
"98593111937","0","0","Disabled"
"98593111944","0","0","Disabled"
"98593111951","0","0","Disabled"
"98593111876","0","0","Disabled"
"98593111883","0","0","Disabled"
"98593111890","0","0","Disabled"
"98593111906","0","0","Disabled"
"98593090560","0","0","Disabled"
"98593090577","0","0","Disabled"
"98593090584","0","0","Disabled"
"98593090591","0","0","Disabled"
"98593090614","0","0","Disabled"
"98593090621","0","0","Disabled"
"98593090638","0","0","Disabled"
"98593090645","0","0","Disabled"
"98593121301","0","0","Disabled"
"98593121295","0","0","Disabled"
"98593121288","0","0","Disabled"
"98593123749","0","0","Disabled"
"98593135254","0","0","Disabled"
"98593135261","0","0","Disabled"
"98593135278","0","0","Disabled"
"98593135285","0","0","Disabled"
"98593135308","0","0","Disabled"
"98593135315","0","0","Disabled"
"98593135322","0","0","Disabled"
"98593135339","0","0","Disabled"
"98593135452","0","0","Disabled"
"98593135469","0","0","Disabled"
"98593135476","0","0","Disabled"
"98593135483","0","0","Disabled"
"98593135506","0","0","Disabled"
"98593135513","0","0","Disabled"
"98593135520","0","0","Disabled"
"98593135537","0","0","Disabled"
"98593135353","0","0","Disabled"
"98593135360","0","0","Disabled"
"98593135377","0","0","Disabled"
"98593135384","0","0","Disabled"
"98593135407","0","0","Disabled"
"98593135414","0","0","Disabled"
"98593135421","0","0","Disabled"
"98593135438","0","0","Disabled"
"98593130983","0","0","Disabled"
"98593130990","0","0","Disabled"
"98593131003","0","0","Disabled"
"98593131010","0","0","Disabled"
"98593131034","900","1","Enabled"
"98593131041","1800","1","Enabled"
"98593131058","1800","1","Enabled"
"98593131065","900","1","Enabled"
"98593131089","900","1","Enabled"
"98593131096","1800","1","Enabled"
"98593131102","1800","1","Enabled"
"98593131119","900","1","Enabled"
"98593131133","733","1","Enabled"
"98593131140","2199","1","Enabled"
"98593131157","1466","1","Enabled"
"98593131164","0","0","Disabled"
"98593131188","693","1","Enabled"
"98593131195","1386","1","Enabled"
"98593131201","1386","1","Enabled"
"98593131218","693","1","Enabled"
"98593131232","733","1","Enabled"
"98593131249","1466","1","Enabled"
"98593131256","1466","1","Enabled"
"98593131263","733","1","Enabled"
"98593131287","860","1","Enabled"
"98593131294","2580","1","Enabled"
"98593131300","1720","1","Enabled"
"98593131317","0","0","Disabled"
"98593131331","693","1","Enabled"
"98593131348","1386","1","Enabled"
"98593131355","1386","1","Enabled"
"98593131362","693","1","Enabled"
"98593170675","0","0","Disabled"
"98593170682","0","0","Disabled"
"98593170699","0","0","Disabled"
"98593170705","0","0","Disabled"
"98593170729","0","0","Disabled"
"98593170736","0","0","Disabled"
"98593170743","0","0","Disabled"
"98593170750","0","0","Disabled"
"98593170774","0","0","Disabled"
"98593170781","0","0","Disabled"
"98593170798","0","0","Disabled"
"98593170804","0","0","Disabled"
"98593170828","0","0","Disabled"
"98593170835","0","0","Disabled"
"98593170842","0","0","Disabled"
"98593170859","0","0","Disabled"
"98593170873","0","0","Disabled"
"98593170880","0","0","Disabled"
"98593170897","0","0","Disabled"
"98593170934","0","0","Disabled"
"98593169945","0","0","Disabled"
"98593169952","0","0","Disabled"
"98593169969","0","0","Disabled"
"98593169976","0","0","Disabled"
"98593169990","0","0","Disabled"
"98593170002","0","0","Disabled"
"98593170040","0","0","Disabled"
"98593170057","0","0","Disabled"
"98593170071","0","0","Disabled"
"98593170088","0","0","Disabled"
"98593170095","0","0","Disabled"
"98593170101","0","0","Disabled"
"98593170125","0","0","Disabled"
"98593170132","0","0","Disabled"
"98593170149","0","0","Disabled"
"98593170156","0","0","Disabled"
"98593170170","0","0","Disabled"
"98593170187","0","0","Disabled"
"98593170194","0","0","Disabled"
"98593170200","0","0","Disabled"
"98593170224","0","0","Disabled"
"98593170231","0","0","Disabled"
"98593170248","0","0","Disabled"
"98593170255","0","0","Disabled"
"98593170279","0","0","Disabled"
"98593170286","0","0","Disabled"
"98593170293","0","0","Disabled"
"98593170309","0","0","Disabled"
"98593170323","0","0","Disabled"
"98593170330","0","0","Disabled"
"98593170347","0","0","Disabled"
"98593170354","0","0","Disabled"
"98593170378","0","0","Disabled"
"98593170385","0","0","Disabled"
"98593170392","0","0","Disabled"
"98593170408","0","0","Disabled"
"98593170422","0","0","Disabled"
"98593170439","0","0","Disabled"
"98593170446","0","0","Disabled"
"98593170453","0","0","Disabled"
"98593170477","0","0","Disabled"
"98593170484","0","0","Disabled"
"98593170491","0","0","Disabled"
"98593170507","0","0","Disabled"
"98593170521","0","0","Disabled"
"98593170538","33","1","Enabled"
"98593170545","0","0","Disabled"
"98593170552","0","0","Disabled"
"98593170576","0","0","Disabled"
"98593170583","0","0","Disabled"
"98593170590","0","0","Disabled"
"98593170606","0","0","Disabled"
"98593170620","0","0","Disabled"
"98593170637","0","0","Disabled"
"98593170644","0","0","Disabled"
"98593170651","0","0","Disabled"
"98593171108","0","0","Disabled"
"98593171115","0","0","Disabled"
"98593171122","0","0","Disabled"
"98593171139","0","0","Disabled"
"98593171153","0","0","Disabled"
"98593171160","0","0","Disabled"
"98593171177","0","0","Disabled"
"98593171184","0","0","Disabled"
"98593171207","0","0","Disabled"
"98593171214","0","0","Disabled"
"98593171221","0","0","Disabled"
"98593171238","0","0","Disabled"
"98593171252","0","0","Disabled"
"98593171290","0","0","Disabled"
"98593171306","0","0","Disabled"
"98593171313","0","0","Disabled"
"98593171337","0","0","Disabled"
"98593171344","0","0","Disabled"
"98593171351","0","0","Disabled"
"98593171368","0","0","Disabled"
"98593171382","0","0","Disabled"
"98593171399","0","0","Disabled"
"98593171405","0","0","Disabled"
"98593171412","0","0","Disabled"
"98593170958","0","0","Disabled"
"98593170965","0","0","Disabled"
"98593170972","0","0","Disabled"
"98593170989","0","0","Disabled"
"98593171009","0","0","Disabled"
"98593171016","0","0","Disabled"
"98593171023","0","0","Disabled"
"98593171030","0","0","Disabled"
"98593171054","0","0","Disabled"
"98593171061","0","0","Disabled"
"98593171078","0","0","Disabled"
"98593171085","0","0","Disabled"
"98593188199","0","0","Disabled"
"98593188212","0","0","Disabled"
"98593188236","0","0","Disabled"
"98593188243","0","0","Disabled"
"98593188274","0","0","Disabled"
"98593188281","0","0","Disabled"
"98593188298","0","0","Disabled"
"98593188311","0","0","Disabled"
"98593188335","0","0","Disabled"
"98593188342","0","0","Disabled"
"98593188632","0","0","Disabled"
"98593188649","0","0","Disabled"
"98593188656","0","0","Disabled"
"98593188663","0","0","Disabled"
"98593188687","0","0","Disabled"
"98593188816","0","0","Disabled"
"98593188823","0","0","Disabled"
"98593188830","0","0","Disabled"
"98593188854","0","0","Disabled"
"98593188861","0","0","Disabled"
"98593188878","0","0","Disabled"
"98593189080","0","0","Disabled"
"98593189103","0","0","Disabled"
"98593189110","0","0","Disabled"
"98593189127","0","0","Disabled"
"98593189134","0","0","Disabled"
"98593188380","0","0","Disabled"
"98593150974","0","0","Disabled"
"98593150981","0","0","Disabled"
"98593151032","0","0","Disabled"
"98593151049","0","0","Disabled"
"98593151063","0","0","Disabled"
"98593151070","0","0","Disabled"
"98593151094","0","0","Disabled"
"98593151100","0","0","Disabled"
"98593151124","0","0","Disabled"
"98593151131","0","0","Disabled"
"98593151148","0","0","Disabled"
"98593151155","0","0","Disabled"
"98593151179","0","0","Disabled"
"98593151186","0","0","Disabled"
"98593151193","0","0","Disabled"
"98593151209","0","0","Disabled"
"98593151223","260","1","Enabled"
"98593151230","29","1","Enabled"
"98593151247","93","1","Enabled"
"98593151254","131","1","Enabled"
"98593151278","561","1","Enabled"
"98593151285","793","1","Enabled"
"98593151292","534","1","Enabled"
"98593151308","458","1","Enabled"
"98593151322","1","0","Disabled"
"98593151339","0","0","Disabled"
"98593151346","0","0","Disabled"
"98593151353","0","0","Disabled"
"98593151377","613","1","Enabled"
"98593151384","1828","1","Enabled"
"98593151391","1148","1","Enabled"
"98593151407","773","1","Enabled"
"98593151421","458","1","Enabled"
"98593151438","1126","1","Enabled"
"98593151445","678","1","Enabled"
"98593151452","210","1","Enabled"
"98593151476","2","0","Disabled"
"98593151483","1","0","Disabled"
"98593151490","0","0","Disabled"
"98593151506","0","0","Disabled"
"98593151520","260","1","Enabled"
"98593151537","1657","1","Enabled"
"98593151544","627","1","Enabled"
"98593151551","232","1","Enabled"
"98593147592","0","0","Disabled"
"98593147608","0","0","Disabled"
"98593147615","0","0","Disabled"
"98593147622","0","0","Disabled"
"98593130808","0","0","Disabled"
"98593130853","0","0","Disabled"
"98593130877","0","0","Disabled"
"98593130891","0","0","Disabled"
"98593147646","0","0","Disabled"
"98593147653","0","0","Disabled"
"98593147660","0","0","Disabled"
"98593147677","0","0","Disabled"
"98593130914","0","0","Disabled"
"98593130921","0","0","Disabled"
"98593130938","0","0","Disabled"
"98593130969","0","0","Disabled"
"98593187826","1","0","Disabled"
"98593187895","0","0","Disabled"
"98593188090","0","0","Disabled"
"98593136381","0","0","Disabled"
"98593187710","0","0","Disabled"
"98593187727","0","0","Disabled"
"98593187734","0","0","Disabled"
"98593187741","0","0","Disabled"
"98593187765","0","0","Disabled"
"98593187772","0","0","Disabled"
"98593187789","0","0","Disabled"
"98593187796","0","0","Disabled"
"98593187611","0","0","Disabled"
"98593187628","0","0","Disabled"
"98593187635","0","0","Disabled"
"98593187642","0","0","Disabled"
"98593187666","0","0","Disabled"
"98593187673","0","0","Disabled"
"98593187680","0","0","Disabled"
"98593187697","0","0","Disabled"
"98593136930","0","0","Disabled"
"98593136923","0","0","Disabled"
"98593136916","0","0","Disabled"
"98593136886","0","0","Disabled"
"98593136879","0","0","Disabled"
"98593210555","0","0","Disabled"
"98593210500","0","0","Disabled"
"98593211347","0","0","Disabled"
"98593211521","0","0","Disabled"
"98593214195","0","0","Disabled"
"98593214188","0","0","Disabled"
"98593214171","0","0","Disabled"
"98593214164","0","0","Disabled"
"98593214140","0","0","Disabled"
"98593214133","0","0","Disabled"
"98593214126","0","0","Disabled"
"98593214119","0","0","Disabled"
"98593214096","0","0","Disabled"
"98593214089","0","0","Disabled"
"98593214072","0","0","Disabled"
"98593214065","0","0","Disabled"
"98593214041","0","0","Disabled"
"98593214034","0","0","Disabled"
"98593214027","0","0","Disabled"
"98593214010","0","0","Disabled"
"98593214362","0","0","Disabled"
"98593214379","0","0","Disabled"
"98593214386","0","0","Disabled"
"98593214393","0","0","Disabled"
"98593214553","356","1","Enabled"
"98593214560","496","1","Enabled"
"98593214607","241","1","Enabled"
"98593214614","19","1","Enabled"
"98593214638","577","1","Enabled"
"98593214645","971","1","Enabled"
"98593214652","575","1","Enabled"
"98593214737","183","1","Enabled"
"98593214416","0","0","Disabled"
"98593214423","0","0","Disabled"
"98593214430","0","0","Disabled"
"98593214447","0","0","Disabled"
"98593214775","0","0","Disabled"
"98593214782","756","1","Enabled"
"98593214799","659","1","Enabled"
"98593214805","322","1","Enabled"
"98593214829","0","0","Disabled"
"98593214867","0","0","Disabled"
"98593214874","0","0","Disabled"
"98593214881","0","0","Disabled"
"98593214461","54","1","Enabled"
"98593214515","94","1","Enabled"
"98593214522","927","1","Enabled"
"98593214539","330","1","Enabled"
"98593214904","0","0","Disabled"
"98593214959","0","0","Disabled"
"98593214966","0","0","Disabled"
"98593214973","0","0","Disabled"
"98593214997","178","1","Enabled"
"98593215000","1021","1","Enabled"
"98593215017","1717","1","Enabled"
"98593215024","242","1","Enabled"
"98593215147","0","0","Disabled"
"98593215154","0","0","Disabled"
"98593215161","0","0","Disabled"
"98593215178","0","0","Disabled"
"98593215192","446","1","Enabled"
"98593215208","838","1","Enabled"
"98593215215","288","1","Enabled"
"98593215222","369","1","Enabled"
"98593215048","456","1","Enabled"
"98593215055","1262","1","Enabled"
"98593215062","880","1","Enabled"
"98593215079","424","1","Enabled"
"98593215246","356","1","Enabled"
"98593215253","624","1","Enabled"
"98593215260","339","1","Enabled"
"98593215277","283","1","Enabled"
"98593215291","0","0","Disabled"
"98593215307","0","0","Disabled"
"98593215314","0","0","Disabled"
"98593215321","0","0","Disabled"
"98593215093","868","1","Enabled"
"98593215109","1348","1","Enabled"
"98593215116","740","1","Enabled"
"98593215123","357","1","Enabled"
"98593212252","0","0","Disabled"
"98593212269","0","0","Disabled"
"98593212276","0","0","Disabled"
"98593212283","0","0","Disabled"
"98593214317","0","0","Disabled"
"98593214324","0","0","Disabled"
"98593214331","0","0","Disabled"
"98593214348","0","0","Disabled"
"98593214218","0","0","Disabled"
"98593214225","0","0","Disabled"
"98593214232","0","0","Disabled"
"98593214249","0","0","Disabled"
"98593214263","0","0","Disabled"
"98593214270","0","0","Disabled"
"98593214287","0","0","Disabled"
"98593214294","0","0","Disabled"
"98593213808","0","0","Disabled"
"98593213815","0","0","Disabled"
"98593213822","0","0","Disabled"
"98593213839","0","0","Disabled"
"98593213853","0","0","Disabled"
"98593213860","0","0","Disabled"
"98593213877","0","0","Disabled"
"98593213884","0","0","Disabled"
"98593213914","0","0","Disabled"
"98593213921","0","0","Disabled"
"98593213938","0","0","Disabled"
"98593213945","0","0","Disabled"
"98593213969","0","0","Disabled"
"98593213976","0","0","Disabled"
"98593213983","0","0","Disabled"
"98593213990","0","0","Disabled"
"98593213075","0","0","Disabled"
"98593213082","0","0","Disabled"
"98593213099","0","0","Disabled"
"98593213105","0","0","Disabled"
"98593213129","0","0","Disabled"
"98593213136","0","0","Disabled"
"98593213143","0","0","Disabled"
"98593213150","0","0","Disabled"
"98593213174","0","0","Disabled"
"98593213181","0","0","Disabled"
"98593213198","0","0","Disabled"
"98593213204","0","0","Disabled"
"98593212870","0","0","Disabled"
"98593212887","0","0","Disabled"
"98593212894","0","0","Disabled"
"98593212900","0","0","Disabled"
"98593212924","0","0","Disabled"
"98593212931","0","0","Disabled"
"98593212948","0","0","Disabled"
"98593212955","0","0","Disabled"
"98593212979","0","0","Disabled"
"98593212986","0","0","Disabled"
"98593212993","0","0","Disabled"
"98593213006","0","0","Disabled"
"98593215345","0","0","Disabled"
"98593215352","0","0","Disabled"
"98593215369","0","0","Disabled"
"98593215376","0","0","Disabled"
"98593215390","0","0","Disabled"
"98593215406","0","0","Disabled"
"98593215413","0","0","Disabled"
"98593215420","0","0","Disabled"
"98593215444","0","0","Disabled"
"98593215451","0","0","Disabled"
"98593215468","0","0","Disabled"
"98593215475","0","0","Disabled"
"98593215499","0","0","Disabled"
"98593215505","0","0","Disabled"
"98593215512","0","0","Disabled"
"98593215529","0","0","Disabled"
"98593549860","0","0","Disabled"
"98593549877","0","0","Disabled"
"98593549884","0","0","Disabled"
"98593549891","0","0","Disabled"
"98593549914","0","0","Disabled"
"98593549921","0","0","Disabled"
"98593549938","0","0","Disabled"
"98593549945","0","0","Disabled"
"98593213648","4","0","Disabled"
"98593213655","7","0","Disabled"
"98593213662","9","0","Disabled"
"98593213679","0","0","Disabled"
"98593213693","5","0","Disabled"
"98593213709","7","0","Disabled"
"98593213716","8","0","Disabled"
"98593213723","0","0","Disabled"
"98593213747","4","0","Disabled"
"98593213754","7","0","Disabled"
"98593213778","8","0","Disabled"
"98593213785","3","0","Disabled"
"98593213280","0","0","Disabled"
"98593213297","0","0","Disabled"
"98593213303","0","0","Disabled"
"98593213310","0","0","Disabled"
"98593213334","0","0","Disabled"
"98593213341","0","0","Disabled"
"98593213358","0","0","Disabled"
"98593213396","0","0","Disabled"
"98593213419","0","0","Disabled"
"98593213426","0","0","Disabled"
"98593213433","0","0","Disabled"
"98593213440","0","0","Disabled"
"98593213464","2","0","Disabled"
"98593213471","0","0","Disabled"
"98593213488","1","0","Disabled"
"98593213495","0","0","Disabled"
"98593213518","3","0","Disabled"
"98593213525","1","0","Disabled"
"98593213532","2","0","Disabled"
"98593213549","0","0","Disabled"
"98593213570","1","0","Disabled"
"98593213600","4","0","Disabled"
"98593213617","4","0","Disabled"
"98593213624","1","0","Disabled"
"98593222565","0","0","Disabled"
"98593222572","0","0","Disabled"
"98593222589","0","0","Disabled"
"98593222596","0","0","Disabled"
"98593222619","0","0","Disabled"
"98593222626","0","0","Disabled"
"98593222633","0","0","Disabled"
"98593222640","0","0","Disabled"
"98593222664","0","0","Disabled"
"98593222671","0","0","Disabled"
"98593222688","0","0","Disabled"
"98593222695","0","0","Disabled"
"98593222718","0","0","Disabled"
"98593222725","1","0","Disabled"
"98593222732","0","0","Disabled"
"98593222749","0","0","Disabled"
"98593222763","0","0","Disabled"
"98593222770","0","0","Disabled"
"98593222787","0","0","Disabled"
"98593222794","0","0","Disabled"
"98593222817","0","0","Disabled"
"98593222824","0","0","Disabled"
"98593222831","0","0","Disabled"
"98593222848","0","0","Disabled"
"98593223180","0","0","Disabled"
"98593223197","0","0","Disabled"
"98593223203","0","0","Disabled"
"98593223210","0","0","Disabled"
"98593223234","0","0","Disabled"
"98593223241","0","0","Disabled"
"98593223258","0","0","Disabled"
"98593223265","0","0","Disabled"
"98593223289","0","0","Disabled"
"98593223296","0","0","Disabled"
"98593223302","0","0","Disabled"
"98593223319","0","0","Disabled"
"98593223333","0","0","Disabled"
"98593223340","0","0","Disabled"
"98593223357","0","0","Disabled"
"98593223364","0","0","Disabled"
"98593222862","0","0","Disabled"
"98593222879","0","0","Disabled"
"98593222886","0","0","Disabled"
"98593222893","0","0","Disabled"
"98593222916","0","0","Disabled"
"98593222923","0","0","Disabled"
"98593223050","0","0","Disabled"
"98593223067","0","0","Disabled"
"98593223081","0","0","Disabled"
"98593223098","0","0","Disabled"
"98593223104","0","0","Disabled"
"98593223111","0","0","Disabled"
"98593223135","0","0","Disabled"
"98593223142","0","0","Disabled"
"98593223159","0","0","Disabled"
"98593223166","0","0","Disabled"
"98593281845","0","0","Disabled"
"98593281852","0","0","Disabled"
"98593281869","0","0","Disabled"
"98593281876","0","0","Disabled"
"98593281890","0","0","Disabled"
"98593281906","0","0","Disabled"
"98593281913","0","0","Disabled"
"98593281920","0","0","Disabled"
"98593281944","0","0","Disabled"
"98593281951","0","0","Disabled"
"98593281968","0","0","Disabled"
"98593281975","0","0","Disabled"
"98593282040","0","0","Disabled"
"98593282057","0","0","Disabled"
"98593282064","0","0","Disabled"
"98593282071","0","0","Disabled"
"98593215543","0","0","Disabled"
"98593215550","0","0","Disabled"
"98593215567","0","0","Disabled"
"98593215574","0","0","Disabled"
"98593215598","0","0","Disabled"
"98593215604","0","0","Disabled"
"98593215611","0","0","Disabled"
"98593215628","0","0","Disabled"
"98593215642","0","0","Disabled"
"98593215659","0","0","Disabled"
"98593215666","0","0","Disabled"
"98593215673","0","0","Disabled"
"98593215697","0","0","Disabled"
"98593215703","0","0","Disabled"
"98593215710","0","0","Disabled"
"98593215727","0","0","Disabled"
"98593281791","0","0","Disabled"
"98593281807","0","0","Disabled"
"98593281814","0","0","Disabled"
"98593281821","0","0","Disabled"
"98593281999","0","0","Disabled"
"98593282002","0","0","Disabled"
"98593282019","0","0","Disabled"
"98593282026","0","0","Disabled"
"98593275042","0","0","Disabled"
"98593275059","3","0","Disabled"
"98593275066","0","0","Disabled"
"98593275073","0","0","Disabled"
"98593275097","0","0","Disabled"
"98593275103","3","0","Disabled"
"98593275110","0","0","Disabled"
"98593275127","0","0","Disabled"
"98593275141","0","0","Disabled"
"98593275158","4","0","Disabled"
"98593275165","0","0","Disabled"
"98593275172","0","0","Disabled"
"98593273352","0","0","Disabled"
"98593273369","0","0","Disabled"
"98593273376","0","0","Disabled"
"98593273383","0","0","Disabled"
"98593273406","0","0","Disabled"
"98593273413","0","0","Disabled"
"98593273420","0","0","Disabled"
"98593273437","0","0","Disabled"
"98593273727","0","0","Disabled"
"98593273734","0","0","Disabled"
"98593273741","0","0","Disabled"
"98593273772","0","0","Disabled"
"98593273840","0","0","Disabled"
"98593273857","6","0","Disabled"
"98593273864","0","0","Disabled"
"98593273871","0","0","Disabled"
"98593273932","0","0","Disabled"
"98593273949","6","0","Disabled"
"98593273956","0","0","Disabled"
"98593273963","0","0","Disabled"
"98593273994","0","0","Disabled"
"98593274007","4","0","Disabled"
"98593274076","0","0","Disabled"
"98593274083","0","0","Disabled"
"98593274106","0","0","Disabled"
"98593274113","6","0","Disabled"
"98593274120","0","0","Disabled"
"98593274137","0","0","Disabled"
"98593274151","0","0","Disabled"
"98593274168","6","0","Disabled"
"98593274175","0","0","Disabled"
"98593274182","0","0","Disabled"
"98593274731","0","0","Disabled"
"98593274748","6","0","Disabled"
"98593274755","0","0","Disabled"
"98593274762","0","0","Disabled"
"98593274786","0","0","Disabled"
"98593274793","5","0","Disabled"
"98593274809","0","0","Disabled"
"98593274816","0","0","Disabled"
"98593274830","0","0","Disabled"
"98593274847","5","0","Disabled"
"98593274854","0","0","Disabled"
"98593274861","0","0","Disabled"
"98593274885","0","0","Disabled"
"98593274892","6","0","Disabled"
"98593274908","0","0","Disabled"
"98593274977","0","0","Disabled"
"98593274991","0","0","Disabled"
"98593275004","6","0","Disabled"
"98593275011","0","0","Disabled"
"98593275028","0","0","Disabled"
"98593276063","0","0","Disabled"
"98593276070","6","0","Disabled"
"98593276087","0","0","Disabled"
"98593276094","0","0","Disabled"
"98593276117","0","0","Disabled"
"98593276124","6","0","Disabled"
"98593276131","0","0","Disabled"
"98593276148","0","0","Disabled"
"98593276162","0","0","Disabled"
"98593276186","6","0","Disabled"
"98593276193","0","0","Disabled"
"98593276209","0","0","Disabled"
"98593276230","0","0","Disabled"
"98593276247","6","0","Disabled"
"98593276254","0","0","Disabled"
"98593276261","0","0","Disabled"
"98593276285","0","0","Disabled"
"98593276292","6","0","Disabled"
"98593276308","0","0","Disabled"
"98593276315","0","0","Disabled"
"98593273796","212","1","Enabled"
"98593273802","254","1","Enabled"
"98593273819","267","1","Enabled"
"98593273826","0","0","Disabled"
"98593274205","0","0","Disabled"
"98593274212","0","0","Disabled"
"98593274229","1","0","Disabled"
"98593274236","0","0","Disabled"
"98593109224","0","0","Disabled"
"98593109170","0","0","Disabled"
"98593109187","0","0","Disabled"
"98593109194","0","0","Disabled"
"98593109200","0","0","Disabled"
"98593109071","0","0","Disabled"
"98593109088","0","0","Disabled"
"98593109095","0","0","Disabled"
"98593109101","0","0","Disabled"
"98593550118","7","0","Disabled"
"98593550125","0","0","Disabled"
"98593550132","0","0","Disabled"
"98593550149","0","0","Disabled"
"98593550163","60","1","Enabled"
"98593550170","0","0","Disabled"
"98593550187","0","0","Disabled"
"98593550194","0","0","Disabled"
"98593550217","29","1","Enabled"
"98593550224","34","1","Enabled"
"98593550231","0","0","Disabled"
"98593550248","0","0","Disabled"
"98593275530","0","0","Disabled"
"98593275547","0","0","Disabled"
"98593275554","0","0","Disabled"
"98593275561","0","0","Disabled"
"98593275585","0","0","Disabled"
"98593275592","0","0","Disabled"
"98593275608","0","0","Disabled"
"98593275615","0","0","Disabled"
"98593275639","0","0","Disabled"
"98593275646","0","0","Disabled"
"98593275653","0","0","Disabled"
"98593275660","0","0","Disabled"
"98593275684","0","0","Disabled"
"98593275691","0","0","Disabled"
"98593275707","0","0","Disabled"
"98593275714","0","0","Disabled"
"98593275738","0","0","Disabled"
"98593275745","0","0","Disabled"
"98593275752","0","0","Disabled"
"98593275769","0","0","Disabled"
"98593275196","0","0","Disabled"
"98593275202","0","0","Disabled"
"98593275219","0","0","Disabled"
"98593275226","0","0","Disabled"
"98593275240","0","0","Disabled"
"98593275257","0","0","Disabled"
"98593275264","0","0","Disabled"
"98593275271","0","0","Disabled"
"98593275295","0","0","Disabled"
"98593275301","0","0","Disabled"
"98593275318","0","0","Disabled"
"98593275325","0","0","Disabled"
"98593275349","0","0","Disabled"
"98593275356","0","0","Disabled"
"98593275424","0","0","Disabled"
"98593275431","0","0","Disabled"
"98593275455","0","0","Disabled"
"98593275462","13","1","Enabled"
"98593275479","0","0","Disabled"
"98593275516","0","0","Disabled"
"98593436856","0","0","Disabled"
"98593436863","0","0","Disabled"
"98593436870","0","0","Disabled"
"98593436887","0","0","Disabled"
"98593436917","0","0","Disabled"
"98593436924","0","0","Disabled"
"98593436931","0","0","Disabled"
"98593436948","0","0","Disabled"
"98593276339","0","0","Disabled"
"98593276346","0","0","Disabled"
"98593276353","0","0","Disabled"
"98593276360","0","0","Disabled"
"98593276384","0","0","Disabled"
"98593276438","0","0","Disabled"
"98593276452","0","0","Disabled"
"98593276544","0","0","Disabled"
"98593276568","0","0","Disabled"
"98593276575","0","0","Disabled"
"98593276582","0","0","Disabled"
"98593276599","0","0","Disabled"
"98593276612","0","0","Disabled"
"98593276629","0","0","Disabled"
"98593276636","0","0","Disabled"
"98593276643","0","0","Disabled"
"98593276667","0","0","Disabled"
"98593276674","0","0","Disabled"
"98593276681","0","0","Disabled"
"98593276698","0","0","Disabled"
"98593355775","0","0","Disabled"
"98593355782","0","0","Disabled"
"98593355799","0","0","Disabled"
"98593355867","0","0","Disabled"
"98593355973","0","0","Disabled"
"98593355997","0","0","Disabled"
"98593356017","0","0","Disabled"
"98593356048","0","0","Disabled"
"98593356062","0","0","Disabled"
"98593356765","0","0","Disabled"
"98593356772","0","0","Disabled"
"98593356789","0","0","Disabled"
"98593359704","0","0","Disabled"
"98593359711","0","0","Disabled"
"98593359896","0","0","Disabled"
"98593360656","0","0","Disabled"
"98593361011","0","0","Disabled"
"98593361035","0","0","Disabled"
"98593361042","0","0","Disabled"
"98593361127","0","0","Disabled"
"98593363701","0","0","Disabled"
"98593363718","0","0","Disabled"
"98593363725","0","0","Disabled"
"98593363732","0","0","Disabled"
"98593364470","0","0","Disabled"
"98593364500","0","0","Disabled"
"98593366276","0","0","Disabled"
"98593366313","0","0","Disabled"
"98593366337","0","0","Disabled"
"98593366344","0","0","Disabled"
"98593366498","0","0","Disabled"
"98593366528","0","0","Disabled"
"98593366542","0","0","Disabled"
"98593366566","0","0","Disabled"
"98593366573","0","0","Disabled"
"98593366603","0","0","Disabled"
"98593366627","0","0","Disabled"
"98593366726","0","0","Disabled"
"98593369888","0","0","Disabled"
"98593369963","0","0","Disabled"
"98593370044","0","0","Disabled"
"98593371058","0","0","Disabled"
"98593371065","0","0","Disabled"
"98593371072","0","0","Disabled"
"98593371096","0","0","Disabled"
"98593371102","0","0","Disabled"
"98593371119","0","0","Disabled"
"98593371126","0","0","Disabled"
"98593371317","0","0","Disabled"
"98593371324","0","0","Disabled"
"98593371331","0","0","Disabled"
"98593371386","0","0","Disabled"
"98593371416","0","0","Disabled"
"98593371423","0","0","Disabled"
"98593371430","0","0","Disabled"
"98593371447","0","0","Disabled"
"98593344335","1176","1","Enabled"
"98593344342","2378","1","Enabled"
"98593344892","1766","1","Enabled"
"98593344908","547","1","Enabled"
"98593344939","893","1","Enabled"
"98593347831","1447","1","Enabled"
"98593347848","1054","1","Enabled"
"98593347855","187","1","Enabled"
"98593347909","946","1","Enabled"
"98593347916","2007","1","Enabled"
"98593347923","1484","1","Enabled"
"98593347930","691","1","Enabled"
"98593350848","1125","1","Enabled"
"98593352095","1923","1","Enabled"
"98593352101","1462","1","Enabled"
"98593352118","488","1","Enabled"
"98593444899","0","0","Disabled"
"98593444905","0","0","Disabled"
"98593444912","0","0","Disabled"
"98593444929","0","0","Disabled"
"98593445001","0","0","Disabled"
"98593445018","6","0","Disabled"
"98593445025","0","0","Disabled"
"98593445162","0","0","Disabled"
"98593405784","0","0","Disabled"
"98593405791","6","0","Disabled"
"98593405838","0","0","Disabled"
"98593418159","0","0","Disabled"
"98593445223","0","0","Disabled"
"98593445230","0","0","Disabled"
"98593445247","0","0","Disabled"
"98593445735","0","0","Disabled"
"98593379382","0","0","Disabled"
"98593379399","0","0","Disabled"
"98593379405","0","0","Disabled"
"98593382016","0","0","Disabled"
"98593382924","0","0","Disabled"
"98593385413","0","0","Disabled"
"98593385420","0","0","Disabled"
"98593385437","0","0","Disabled"
"98593385482","0","0","Disabled"
"98593385499","0","0","Disabled"
"98593385567","0","0","Disabled"
"98593385604","0","0","Disabled"
"98593385680","0","0","Disabled"
"98593385727","0","0","Disabled"
"98593385734","0","0","Disabled"
"98593391605","0","0","Disabled"
"98593395702","0","0","Disabled"
"98593395719","0","0","Disabled"
"98593395764","0","0","Disabled"
"98593395771","0","0","Disabled"
"98593395795","0","0","Disabled"
"98593395801","0","0","Disabled"
"98593395818","0","0","Disabled"
"98593395825","0","0","Disabled"
"98593396044","0","0","Disabled"
"98593396051","0","0","Disabled"
"98593396068","0","0","Disabled"
"98593396075","0","0","Disabled"
"98593396099","0","0","Disabled"
"98593396105","0","0","Disabled"
"98593396112","0","0","Disabled"
"98593396129","0","0","Disabled"
"98593319517","0","0","Disabled"
"98593478917","0","0","Disabled"
"98593319524","0","0","Disabled"
"98593319531","0","0","Disabled"
"98593319548","0","0","Disabled"
"98593478924","0","0","Disabled"
"98593319555","0","0","Disabled"
"98593319562","0","0","Disabled"
"98593319579","0","0","Disabled"
"98593478931","0","0","Disabled"
"98593319739","0","0","Disabled"
"98593478948","0","0","Disabled"
"98593319791","0","0","Disabled"
"98593483522","0","0","Disabled"
"98593319807","0","0","Disabled"
"98593319814","0","0","Disabled"
"98593314574","0","0","Disabled"
"98593428349","0","0","Disabled"
"98593428356","0","0","Disabled"
"98593428394","0","0","Disabled"
"98593428400","0","0","Disabled"
"98593432438","0","0","Disabled"
"98593432445","0","0","Disabled"
"98593432452","0","0","Disabled"
"98593432469","0","0","Disabled"
"98593432483","0","0","Disabled"
"98593432490","0","0","Disabled"
"98593432506","0","0","Disabled"
"98593432513","0","0","Disabled"
"98593433435","0","0","Disabled"
"98593433442","0","0","Disabled"
"98593433459","0","0","Disabled"
"98593433466","0","0","Disabled"
"98593436962","0","0","Disabled"
"98593436979","0","0","Disabled"
"98593436986","0","0","Disabled"
"98593436993","0","0","Disabled"
"98593437013","0","0","Disabled"
"98593437044","0","0","Disabled"
"98593438799","0","0","Disabled"
"98593438805","0","0","Disabled"
"98593438829","0","0","Disabled"
"98593441829","0","0","Disabled"
"98593441836","0","0","Disabled"
"98593441843","0","0","Disabled"
"98593442062","0","0","Disabled"
"98593442093","0","0","Disabled"
"98593442109","0","0","Disabled"
"98593443397","0","0","Disabled"
"98593443410","0","0","Disabled"
"98593443670","0","0","Disabled"
"98593443687","0","0","Disabled"
"98593443694","0","0","Disabled"
"98593422330","0","0","Disabled"
"98593422347","0","0","Disabled"
"98593422354","0","0","Disabled"
"98593422361","0","0","Disabled"
"98593445759","0","0","Disabled"
"98593445896","0","0","Disabled"
"98593445902","0","0","Disabled"
"98593445919","0","0","Disabled"
"98593445933","0","0","Disabled"
"98593445988","0","0","Disabled"
"98593446022","0","0","Disabled"
"98593448118","0","0","Disabled"
"98593448460","0","0","Disabled"
"98593448477","0","0","Disabled"
"98593448583","0","0","Disabled"
"98593448774","0","0","Disabled"
"98593448941","0","0","Disabled"
"98593449009","0","0","Disabled"
"98593449153","0","0","Disabled"
"98593450449","0","0","Disabled"
"98593433480","0","0","Disabled"
"98593434159","0","0","Disabled"
"98593434166","0","0","Disabled"
"98593434173","0","0","Disabled"
"98593434791","0","0","Disabled"
"98593436139","0","0","Disabled"
"98593436146","0","0","Disabled"
"98593436153","0","0","Disabled"
"98593436177","0","0","Disabled"
"98593436801","0","0","Disabled"
"98593436818","0","0","Disabled"
"98593436825","0","0","Disabled"
"98593169495","0","0","Disabled"
"98593169501","0","0","Disabled"
"98593169518","0","0","Disabled"
"98593169549","0","0","Disabled"
"98593169556","0","0","Disabled"
"98593169563","0","0","Disabled"
"98593169433","0","0","Disabled"
"98593169440","0","0","Disabled"
"98593169457","0","0","Disabled"
"98593169464","0","0","Disabled"
"98593169587","0","0","Disabled"
"98593169594","0","0","Disabled"
"98593169600","0","0","Disabled"
"98593169617","0","0","Disabled"
"98593169631","0","0","Disabled"
"98593169648","0","0","Disabled"
"98593169655","0","0","Disabled"
"98593169662","0","0","Disabled"
"98593169686","0","0","Disabled"
"98593169693","0","0","Disabled"
"98593169709","0","0","Disabled"
"98593371584","0","0","Disabled"
"98593371676","0","0","Disabled"
"98593371713","0","0","Disabled"
"98593372178","0","0","Disabled"
"98593372246","0","0","Disabled"
"98593372444","0","0","Disabled"
"98593372468","0","0","Disabled"
"98593372482","0","0","Disabled"
"98593373687","0","0","Disabled"
"98593373694","0","0","Disabled"
"98593373700","0","0","Disabled"
"98593373724","0","0","Disabled"
"98593373748","1","0","Disabled"
"98593373755","0","0","Disabled"
"98593373762","0","0","Disabled"
"98593373779","0","0","Disabled"
"98593373809","0","0","Disabled"
"98593373816","0","0","Disabled"
"98593373823","0","0","Disabled"
"98593374547","0","0","Disabled"
"98593378545","0","0","Disabled"
"98593378552","0","0","Disabled"
"98593378569","0","0","Disabled"
"98593378576","0","0","Disabled"
"98593352293","0","0","Disabled"
"98593352354","0","0","Disabled"
"98593352378","0","0","Disabled"
"98593352408","0","0","Disabled"
"98593352545","0","0","Disabled"
"98593352552","0","0","Disabled"
"98593352569","0","0","Disabled"
"98593352798","0","0","Disabled"
"98593353719","0","0","Disabled"
"98593353726","0","0","Disabled"
"98593353733","0","0","Disabled"
"98593353740","0","0","Disabled"
"98593353764","0","0","Disabled"
"98593353771","0","0","Disabled"
"98593354983","0","0","Disabled"
"98593354990","0","0","Disabled"
"98593355010","0","0","Disabled"
"98593355669","0","0","Disabled"
"98593355676","0","0","Disabled"
"98593355706","0","0","Disabled"
"98593444783","0","0","Disabled"
"98593444790","0","0","Disabled"
"98593444806","0","0","Disabled"
"98593444813","2","0","Disabled"
"98593444837","0","0","Disabled"
"98593444851","0","0","Disabled"
"98593444868","0","0","Disabled"
"98593444875","0","0","Disabled"
"98593422385","0","0","Disabled"
"98593422392","0","0","Disabled"
"98593422408","0","0","Disabled"
"98593422415","0","0","Disabled"
"98593422439","0","0","Disabled"
"98593422446","0","0","Disabled"
"98593422453","0","0","Disabled"
"98593422460","0","0","Disabled"
"98593422484","0","0","Disabled"
"98593422491","0","0","Disabled"
"98593422507","0","0","Disabled"
"98593422514","0","0","Disabled"
"98593422538","0","0","Disabled"
"98593422545","0","0","Disabled"
"98593422552","0","0","Disabled"
"98593427243","0","0","Disabled"
"98593706294","361","1","Enabled"
"98593706300","635","1","Enabled"
"98593706317","138","1","Enabled"
"98593706324","70","1","Enabled"
"98593706348","506","1","Enabled"
"98593706355","601","1","Enabled"
"98593706362","443","1","Enabled"
"98593706386","104","1","Enabled"
"98593706409","847","1","Enabled"
"98593706416","1387","1","Enabled"
"98593706423","703","1","Enabled"
"98593706430","223","1","Enabled"
"98593704108","0","0","Disabled"
"98593704115","0","0","Disabled"
"98593704122","0","0","Disabled"
"98593704139","0","0","Disabled"
"98593704153","0","0","Disabled"
"98593704160","20","1","Enabled"
"98593704177","0","0","Disabled"
"98593704184","0","0","Disabled"
"98593704207","0","0","Disabled"
"98593704214","4","0","Disabled"
"98593704221","0","0","Disabled"
"98593704238","0","0","Disabled"
"98593704252","0","0","Disabled"
"98593704269","0","0","Disabled"
"98593704276","0","0","Disabled"
"98593704283","0","0","Disabled"
"98593704306","0","0","Disabled"
"98593704313","0","0","Disabled"
"98593704320","0","0","Disabled"
"98593704337","0","0","Disabled"
"98593703293","0","0","Disabled"
"98593703309","0","0","Disabled"
"98593703316","0","0","Disabled"
"98593703323","0","0","Disabled"
"98593703347","0","0","Disabled"
"98593703354","0","0","Disabled"
"98593703361","0","0","Disabled"
"98593703378","0","0","Disabled"
"98593703392","0","0","Disabled"
"98593703408","0","0","Disabled"
"98593703415","0","0","Disabled"
"98593703422","0","0","Disabled"
"98593703446","0","0","Disabled"
"98593703453","0","0","Disabled"
"98593703460","0","0","Disabled"
"98593703477","0","0","Disabled"
"98593703491","0","0","Disabled"
"98593703507","0","0","Disabled"
"98593703514","0","0","Disabled"
"98593703521","0","0","Disabled"
"98593703545","0","0","Disabled"
"98593703552","0","0","Disabled"
"98593703569","0","0","Disabled"
"98593703576","0","0","Disabled"
"98593703590","0","0","Disabled"
"98593703606","0","0","Disabled"
"98593703613","0","0","Disabled"
"98593703620","0","0","Disabled"
"98593703644","0","0","Disabled"
"98593703651","0","0","Disabled"
"98593703668","0","0","Disabled"
"98593703675","0","0","Disabled"
"98593703705","0","0","Disabled"
"98593703712","0","0","Disabled"
"98593703729","0","0","Disabled"
"98593703736","0","0","Disabled"
"98593703767","0","0","Disabled"
"98593703774","0","0","Disabled"
"98593703781","0","0","Disabled"
"98593703798","0","0","Disabled"
"98593703811","0","0","Disabled"
"98593703835","0","0","Disabled"
"98593703842","0","0","Disabled"
"98593703866","0","0","Disabled"
"98593703880","0","0","Disabled"
"98593703897","0","0","Disabled"
"98593703903","0","0","Disabled"
"98593703910","0","0","Disabled"
"98593703934","0","0","Disabled"
"98593703941","0","0","Disabled"
"98593703958","0","0","Disabled"
"98593703965","0","0","Disabled"
"98593703989","0","0","Disabled"
"98593704009","0","0","Disabled"
"98593704016","0","0","Disabled"
"98593704023","0","0","Disabled"
"98593704047","0","0","Disabled"
"98593704054","0","0","Disabled"
"98593704061","0","0","Disabled"
"98593704078","0","0","Disabled"
"98593705266","0","0","Disabled"
"98593705303","0","0","Disabled"
"98593705327","0","0","Disabled"
"98593705334","0","0","Disabled"
"98593705358","0","0","Disabled"
"98593705365","15","1","Enabled"
"98593705372","0","0","Disabled"
"98593705389","0","0","Disabled"
"98593705402","0","0","Disabled"
"98593705419","0","0","Disabled"
"98593705426","0","0","Disabled"
"98593705686","0","0","Disabled"
"98593705709","0","0","Disabled"
"98593705846","0","0","Disabled"
"98593705853","0","0","Disabled"
"98593705877","0","0","Disabled"
"98593705938","0","0","Disabled"
"98593705976","0","0","Disabled"
"98593706249","0","0","Disabled"
"98593706270","0","0","Disabled"
"98593704368","0","0","Disabled"
"98593704375","0","0","Disabled"
"98593704382","0","0","Disabled"
"98593704399","0","0","Disabled"
"98593704412","0","0","Disabled"
"98593704429","0","0","Disabled"
"98593704436","0","0","Disabled"
"98593704443","0","0","Disabled"
"98593704467","0","0","Disabled"
"98593704474","0","0","Disabled"
"98593704481","0","0","Disabled"
"98593704498","0","0","Disabled"
"98593704511","0","0","Disabled"
"98593704528","0","0","Disabled"
"98593704535","0","0","Disabled"
"98593704542","0","0","Disabled"
"98593704566","0","0","Disabled"
"98593704573","0","0","Disabled"
"98593704580","0","0","Disabled"
"98593704597","0","0","Disabled"
"98593704849","0","0","Disabled"
"98593704870","0","0","Disabled"
"98593704894","0","0","Disabled"
"98593704917","0","0","Disabled"
"98593704962","0","0","Disabled"
"98593704993","0","0","Disabled"
"98593705006","0","0","Disabled"
"98593705013","0","0","Disabled"
"98593705051","0","0","Disabled"
"98593705068","0","0","Disabled"
"98593705075","0","0","Disabled"
"98593705082","0","0","Disabled"
"98593705105","0","0","Disabled"
"98593705112","0","0","Disabled"
"98593705129","0","0","Disabled"
"98593705136","0","0","Disabled"
"98593705150","0","0","Disabled"
"98593705167","0","0","Disabled"
"98593705204","0","0","Disabled"
"98593705235","0","0","Disabled"
"98593706461","0","0","Disabled"
"98593706478","0","0","Disabled"
"98593706485","0","0","Disabled"
"98593706492","0","0","Disabled"
"98593706515","0","0","Disabled"
"98593706522","0","0","Disabled"
"98593706867","0","0","Disabled"
"98593706874","0","0","Disabled"
"98593709172","0","0","Disabled"
"98593709189","0","0","Disabled"
"98593709196","0","0","Disabled"
"98593709202","0","0","Disabled"
"98593709226","0","0","Disabled"
"98593709271","0","0","Disabled"
"98593709288","0","0","Disabled"
"98593709295","0","0","Disabled"
"98593709318","0","0","Disabled"
"98593709325","0","0","Disabled"
"98593709332","0","0","Disabled"
"98593709349","0","0","Disabled"
"98593708847","0","0","Disabled"
"98593708854","0","0","Disabled"
"98593708861","0","0","Disabled"
"98593708915","0","0","Disabled"
"98593708991","0","0","Disabled"
"98593709080","0","0","Disabled"
"98593709097","0","0","Disabled"
"98593709103","0","0","Disabled"
"98593709127","0","0","Disabled"
"98593709134","0","0","Disabled"
"98593709141","0","0","Disabled"
"98593709158","0","0","Disabled"
"98593708571","0","0","Disabled"
"98593708588","0","0","Disabled"
"98593708595","0","0","Disabled"
"98593708649","0","0","Disabled"
"98593708663","0","0","Disabled"
"98593708670","0","0","Disabled"
"98593708687","0","0","Disabled"
"98593708694","0","0","Disabled"
"98593708717","0","0","Disabled"
"98593708724","0","0","Disabled"
"98593708731","0","0","Disabled"
"98593708748","0","0","Disabled"
"98593075413","1606","1","Enabled"
"98593075420","6190","1","Enabled"
"98593075437","4056","1","Enabled"
"98593075444","2502","1","Enabled"
"98593075161","4732","1","Enabled"
"98593075178","4943","1","Enabled"
"98593075185","5705","1","Enabled"
"98593075192","4785","1","Enabled"
"98593075215","2043","1","Enabled"
"98593075222","3089","1","Enabled"
"98593075239","4967","1","Enabled"
"98593075246","1770","1","Enabled"
"98593075260","4139","1","Enabled"
"98593075314","793","1","Enabled"
"98593075338","2995","1","Enabled"
"98593075345","3653","1","Enabled"
"98593075369","5255","1","Enabled"
"98593075376","4428","1","Enabled"
"98593075383","4825","1","Enabled"
"98593075390","5991","1","Enabled"
"98593075468","1","0","Disabled"
"98593075475","80","1","Enabled"
"98593075482","2","0","Disabled"
"98593075499","14","1","Enabled"
"98593683526","0","0","Disabled"
"98593683533","0","0","Disabled"
"98593683557","0","0","Disabled"
"98593683564","0","0","Disabled"
"98593684080","0","0","Disabled"
"98593684097","0","0","Disabled"
"98593684233","0","0","Disabled"
"98593684240","0","0","Disabled"
"98593631763","0","0","Disabled"
"98593631794","0","0","Disabled"
"98593632319","0","0","Disabled"
"98593632326","0","0","Disabled"
"98593709363","0","0","Disabled"
"98593709370","0","0","Disabled"
"98593709387","0","0","Disabled"
"98593709394","0","0","Disabled"
"98593709417","0","0","Disabled"
"98593709424","0","0","Disabled"
"98593709431","0","0","Disabled"
"98593709448","0","0","Disabled"
"98593709462","0","0","Disabled"
"98593709479","0","0","Disabled"
"98593709486","0","0","Disabled"
"98593709493","0","0","Disabled"
"98593709516","0","0","Disabled"
"98593709523","0","0","Disabled"
"98593709530","0","0","Disabled"
"98593709547","0","0","Disabled"
"98593709561","0","0","Disabled"
"98593709578","0","0","Disabled"
"98593709585","0","0","Disabled"
"98593709592","0","0","Disabled"
"98593709615","0","0","Disabled"
"98593709622","0","0","Disabled"
"98593709639","0","0","Disabled"
"98593709646","0","0","Disabled"
"98593709660","0","0","Disabled"
"98593709684","0","0","Disabled"
"98593709691","0","0","Disabled"
"98593709783","0","0","Disabled"
"98593709806","0","0","Disabled"
"98593709813","0","0","Disabled"
"98593709820","0","0","Disabled"
"98593709837","0","0","Disabled"
"98593709851","0","0","Disabled"
"98593709868","0","0","Disabled"
"98593709875","0","0","Disabled"
"98593709882","0","0","Disabled"
"98593709905","0","0","Disabled"
"98593709912","0","0","Disabled"
"98593709929","0","0","Disabled"
"98593709936","0","0","Disabled"
"98593709950","0","0","Disabled"
"98593709967","0","0","Disabled"
"98593709974","0","0","Disabled"
"98593709981","0","0","Disabled"
"98593710000","0","0","Disabled"
"98593710017","0","0","Disabled"
"98593710024","0","0","Disabled"
"98593710031","0","0","Disabled"
"98593054500","5","0","Disabled"
"98593054517","10","1","Enabled"
"98593054524","11","1","Enabled"
"98593054531","8","0","Disabled"
"98593064868","8","0","Disabled"
"98593065087","15","1","Enabled"
"98593065094","15","1","Enabled"
"98593065100","8","0","Disabled"
"98593065124","9","0","Disabled"
"98593065131","16","1","Enabled"
"98593065148","16","1","Enabled"
"98593065155","10","1","Enabled"
"98593270986","4","0","Disabled"
"98593270993","8","0","Disabled"
"98593271013","6","0","Disabled"
"98593271020","4","0","Disabled"
"98593226549","7","0","Disabled"
"98593226556","78","1","Enabled"
"98593226563","73","1","Enabled"
"98593226587","50","1","Enabled"
"98593270016","2","0","Disabled"
"98593270023","4","0","Disabled"
"98593270030","3","0","Disabled"
"98593270047","2","0","Disabled"
"98593227003","20","1","Enabled"
"98593227010","3","0","Disabled"
"98593227027","5","0","Disabled"
"98593227034","3","0","Disabled"
"98593727114","155","1","Enabled"
"98593727121","307","1","Enabled"
"98593727145","151","1","Enabled"
"98593727152","10","1","Enabled"
"98593727183","139","1","Enabled"
"98593727190","274","1","Enabled"
"98593727206","120","1","Enabled"
"98593727213","15","1","Enabled"
"98593726995","68","1","Enabled"
"98593727008","151","1","Enabled"
"98593727015","50","1","Enabled"
"98593727022","0","0","Disabled"
"98593727053","90","1","Enabled"
"98593727060","144","1","Enabled"
"98593727084","67","1","Enabled"
"98593727091","0","0","Disabled"
"98593727237","137","1","Enabled"
"98593727244","289","1","Enabled"
"98593727251","29","1","Enabled"
"98593727268","0","0","Disabled"
"98593727299","153","1","Enabled"
"98593727305","295","1","Enabled"
"98593727329","99","1","Enabled"
"98593727336","5","0","Disabled"
"98593727350","58","1","Enabled"
"98593727374","215","1","Enabled"
"98593727381","147","1","Enabled"
"98593727398","24","1","Enabled"
"98593727411","46","1","Enabled"
"98593727428","182","1","Enabled"
"98593727435","116","1","Enabled"
"98593727442","40","1","Enabled"
"98593727671","262","1","Enabled"
"98593727688","467","1","Enabled"
"98593727701","297","1","Enabled"
"98593727725","23","1","Enabled"
"98593727589","277","1","Enabled"
"98593727602","522","1","Enabled"
"98593727626","319","1","Enabled"
"98593727640","75","1","Enabled"
"98593727473","290","1","Enabled"
"98593727480","510","1","Enabled"
"98593727497","362","1","Enabled"
"98593727503","76","1","Enabled"
"98593727527","200","1","Enabled"
"98593727534","353","1","Enabled"
"98593727541","244","1","Enabled"
"98593727565","2","0","Disabled"
"98593710499","0","0","Disabled"
"98593710505","0","0","Disabled"
"98593710512","0","0","Disabled"
"98593710529","0","0","Disabled"
"98593710383","0","0","Disabled"
"98593710437","0","0","Disabled"
"98593710451","0","0","Disabled"
"98593710468","0","0","Disabled"
"98593710291","0","0","Disabled"
"98593710307","0","0","Disabled"
"98593710314","0","0","Disabled"
"98593710321","0","0","Disabled"
"98593710192","0","0","Disabled"
"98593710208","0","0","Disabled"
"98593710215","0","0","Disabled"
"98593710222","0","0","Disabled"
"98593710246","0","0","Disabled"
"98593710253","0","0","Disabled"
"98593710260","0","0","Disabled"
"98593710277","0","0","Disabled"
"98593710147","0","0","Disabled"
"98593710154","0","0","Disabled"
"98593710161","0","0","Disabled"
"98593710178","0","0","Disabled"
"98593710093","0","0","Disabled"
"98593710109","0","0","Disabled"
"98593710116","0","0","Disabled"
"98593710123","0","0","Disabled"
"98593744272","0","0","Disabled"
"98593744289","0","0","Disabled"
"98593744296","0","0","Disabled"
"98593744302","0","0","Disabled"
"98593744357","0","0","Disabled"
"98593744401","0","0","Disabled"
"98593744418","0","0","Disabled"
"98593744425","0","0","Disabled"
"98593744449","0","0","Disabled"
"98593744456","0","0","Disabled"
"98593744463","0","0","Disabled"
"98593744470","0","0","Disabled"
"98593744494","0","0","Disabled"
"98593744500","0","0","Disabled"
"98593744517","0","0","Disabled"
"98593744524","0","0","Disabled"
"98593743480","1","0","Disabled"
"98593743503","0","0","Disabled"
"98593743640","0","0","Disabled"
"98593743701","0","0","Disabled"
"98593743725","0","0","Disabled"
"98593743732","0","0","Disabled"
"98593743749","0","0","Disabled"
"98593743756","0","0","Disabled"
"98593743770","0","0","Disabled"
"98593743787","0","0","Disabled"
"98593743794","0","0","Disabled"
"98593743800","0","0","Disabled"
"98593743824","0","0","Disabled"
"98593743831","9","0","Disabled"
"98593743893","0","0","Disabled"
"98593743909","0","0","Disabled"
"98593743923","2","0","Disabled"
"98593743978","0","0","Disabled"
"98593743985","4","0","Disabled"
"98593743992","0","0","Disabled"
"98593744012","0","0","Disabled"
"98593744029","3","0","Disabled"
"98593744036","0","0","Disabled"
"98593744043","0","0","Disabled"
"98593744067","0","0","Disabled"
"98593744074","0","0","Disabled"
"98593744081","0","0","Disabled"
"98593744135","0","0","Disabled"
"98593744197","0","0","Disabled"
"98593744203","0","0","Disabled"
"98593744210","3","0","Disabled"
"98593744227","0","0","Disabled"
"98593743121","0","0","Disabled"
"98593743138","0","0","Disabled"
"98593743145","0","0","Disabled"
"98593743152","0","0","Disabled"
"98593743176","0","0","Disabled"
"98593743183","0","0","Disabled"
"98593743190","0","0","Disabled"
"98593743206","0","0","Disabled"
"98593743220","0","0","Disabled"
"98593743237","0","0","Disabled"
"98593743244","0","0","Disabled"
"98593743251","0","0","Disabled"
"98593743312","0","0","Disabled"
"98593743329","0","0","Disabled"
"98593743336","0","0","Disabled"
"98593743343","0","0","Disabled"
"98593742247","220","1","Enabled"
"98593742254","515","1","Enabled"
"98593742261","320","1","Enabled"
"98593742278","73","1","Enabled"
"98593742292","210","1","Enabled"
"98593742308","758","1","Enabled"
"98593742315","327","1","Enabled"
"98593742322","128","1","Enabled"
"98593742346","182","1","Enabled"
"98593742353","533","1","Enabled"
"98593742360","194","1","Enabled"
"98593742377","40","1","Enabled"
"98593742193","120","1","Enabled"
"98593742209","474","1","Enabled"
"98593742216","196","1","Enabled"
"98593742223","13","1","Enabled"
"98593742063","451","1","Enabled"
"98593742070","1210","1","Enabled"
"98593742117","682","1","Enabled"
"98593742124","244","1","Enabled"
"98593742148","431","1","Enabled"
"98593742155","1102","1","Enabled"
"98593742162","680","1","Enabled"
"98593742179","260","1","Enabled"
"98593742391","339","1","Enabled"
"98593742407","870","1","Enabled"
"98593742414","574","1","Enabled"
"98593742421","203","1","Enabled"
"98593742445","229","1","Enabled"
"98593742452","707","1","Enabled"
"98593742469","388","1","Enabled"
"98593742476","145","1","Enabled"
"98593742490","168","1","Enabled"
"98593742506","560","1","Enabled"
"98593742513","335","1","Enabled"
"98593742520","94","1","Enabled"
"98593742544","253","1","Enabled"
"98593742551","750","1","Enabled"
"98593742568","436","1","Enabled"
"98593742575","121","1","Enabled"
"98593130273","223","1","Enabled"
"98593130280","1956","1","Enabled"
"98593130297","1425","1","Enabled"
"98593130303","491","1","Enabled"
"98593650634","0","0","Disabled"
"98593650658","6","0","Disabled"
"98593650665","0","0","Disabled"
"98593650689","0","0","Disabled"
"98593323101","8","0","Disabled"
"98593323248","16","1","Enabled"
"98593323835","14","1","Enabled"
"98593323866","4","0","Disabled"
"98593130327","109","1","Enabled"
"98593130334","1145","1","Enabled"
"98593130341","824","1","Enabled"
"98593130358","272","1","Enabled"
"98593130433","93","1","Enabled"
"98593130457","1715","1","Enabled"
"98593130464","1246","1","Enabled"
"98593130471","408","1","Enabled"
"98593735805","203","1","Enabled"
"98593735812","515","1","Enabled"
"98593735829","347","1","Enabled"
"98593735836","113","1","Enabled"
"98593736277","116","1","Enabled"
"98593736284","230","1","Enabled"
"98593736291","172","1","Enabled"
"98593736307","65","1","Enabled"
"98593736321","204","1","Enabled"
"98593736338","514","1","Enabled"
"98593736345","350","1","Enabled"
"98593736352","128","1","Enabled"
"98593736376","203","1","Enabled"
"98593736383","510","1","Enabled"
"98593736390","351","1","Enabled"
"98593736406","113","1","Enabled"
"98593735508","114","1","Enabled"
"98593735515","228","1","Enabled"
"98593735522","184","1","Enabled"
"98593735539","59","1","Enabled"
"98593735553","119","1","Enabled"
"98593735560","228","1","Enabled"
"98593735577","173","1","Enabled"
"98593735584","55","1","Enabled"
"98593735607","114","1","Enabled"
"98593735614","227","1","Enabled"
"98593735621","172","1","Enabled"
"98593735638","59","1","Enabled"
"98593735652","116","1","Enabled"
"98593735669","234","1","Enabled"
"98593735676","175","1","Enabled"
"98593735683","60","1","Enabled"
"98593735706","4","0","Disabled"
"98593735713","18","1","Enabled"
"98593735720","13","1","Enabled"
"98593735737","4","0","Disabled"
"98593735751","4","0","Disabled"
"98593735768","11","1","Enabled"
"98593735775","0","0","Disabled"
"98593735782","6","0","Disabled"
"98593735850","4","0","Disabled"
"98593735867","9","0","Disabled"
"98593735874","9","0","Disabled"
"98593735881","5","0","Disabled"
"98593735904","6","0","Disabled"
"98593735911","10","1","Enabled"
"98593735928","8","0","Disabled"
"98593735935","4","0","Disabled"
"98593742599","1652","1","Enabled"
"98593742605","3121","1","Enabled"
"98593742612","2773","1","Enabled"
"98593742629","2126","1","Enabled"
"98593742902","1","0","Disabled"
"98593742919","1930","1","Enabled"
"98593742926","2059","1","Enabled"
"98593742933","845","1","Enabled"
"98593742957","0","0","Disabled"
"98593743022","0","0","Disabled"
"98593743039","264","1","Enabled"
"98593743046","579","1","Enabled"
"98593743060","4","0","Disabled"
"98593743077","307","1","Enabled"
"98593743084","1253","1","Enabled"
"98593743091","879","1","Enabled"
"98593742650","0","0","Disabled"
"98593742667","2024","1","Enabled"
"98593742674","1605","1","Enabled"
"98593742735","774","1","Enabled"
"98593742803","0","0","Disabled"
"98593742810","370","1","Enabled"
"98593742827","1280","1","Enabled"
"98593742834","857","1","Enabled"
"98593742858","0","0","Disabled"
"98593742865","1644","1","Enabled"
"98593742872","2056","1","Enabled"
"98593742889","961","1","Enabled"
"98593500212","123","1","Enabled"
"98593500229","0","0","Disabled"
"98593500236","119","1","Enabled"
"98593500243","454","1","Enabled"
"98593693488","330","1","Enabled"
"98593693495","479","1","Enabled"
"98593693501","501","1","Enabled"
"98593693518","691","1","Enabled"
"98593693532","689","1","Enabled"
"98593693549","1319","1","Enabled"
"98593693556","1502","1","Enabled"
"98593693570","1459","1","Enabled"
"98593694089","323","1","Enabled"
"98593694096","552","1","Enabled"
"98593694102","666","1","Enabled"
"98593694119","553","1","Enabled"
"98593500540","140","1","Enabled"
"98593500571","0","0","Disabled"
"98593500588","75","1","Enabled"
"98593500601","461","1","Enabled"
"98593737496","95","1","Enabled"
"98593737502","20","1","Enabled"
"98593737519","148","1","Enabled"
"98593737526","26","1","Enabled"
"98593737540","187","1","Enabled"
"98593737557","188","1","Enabled"
"98593737564","431","1","Enabled"
"98593737571","259","1","Enabled"
"98593500649","76","1","Enabled"
"98593500663","30","1","Enabled"
"98593500687","100","1","Enabled"
"98593500793","499","1","Enabled"
"98593500847","391","1","Enabled"
"98593500854","757","1","Enabled"
"98593500861","877","1","Enabled"
"98593500878","744","1","Enabled"
"98593694133","622","1","Enabled"
"98593694171","1149","1","Enabled"
"98593694188","1258","1","Enabled"
"98593694195","1104","1","Enabled"
"98593737649","466","1","Enabled"
"98593737656","787","1","Enabled"
"98593737663","951","1","Enabled"
"98593737670","736","1","Enabled"
"98593737694","348","1","Enabled"
"98593737700","600","1","Enabled"
"98593737717","744","1","Enabled"
"98593737724","577","1","Enabled"
"98593737748","273","1","Enabled"
"98593737755","448","1","Enabled"
"98593737762","552","1","Enabled"
"98593737779","449","1","Enabled"
"98593737793","403","1","Enabled"
"98593737809","722","1","Enabled"
"98593737816","830","1","Enabled"
"98593737823","662","1","Enabled"
"98593737847","236","1","Enabled"
"98593737854","353","1","Enabled"
"98593737861","457","1","Enabled"
"98593737878","353","1","Enabled"
"98593737892","355","1","Enabled"
"98593737908","629","1","Enabled"
"98593737922","758","1","Enabled"
"98593737939","587","1","Enabled"
"98593738493","511","1","Enabled"
"98593738509","984","1","Enabled"
"98593738516","1234","1","Enabled"
"98593738523","1043","1","Enabled"
"98593738561","164","1","Enabled"
"98593738578","249","1","Enabled"
"98593738585","357","1","Enabled"
"98593738592","331","1","Enabled"
"98593738615","400","1","Enabled"
"98593738622","760","1","Enabled"
"98593738639","972","1","Enabled"
"98593738646","840","1","Enabled"
"98593738660","258","1","Enabled"
"98593738677","469","1","Enabled"
"98593738684","629","1","Enabled"
"98593738691","571","1","Enabled"
"98593737984","334","1","Enabled"
"98593737991","629","1","Enabled"
"98593738004","840","1","Enabled"
"98593738042","798","1","Enabled"
"98593738066","413","1","Enabled"
"98593738073","809","1","Enabled"
"98593738363","1038","1","Enabled"
"98593738370","948","1","Enabled"
"98593738394","174","1","Enabled"
"98593738400","252","1","Enabled"
"98593738417","450","1","Enabled"
"98593738424","490","1","Enabled"
"98593738448","38","1","Enabled"
"98593738455","0","0","Disabled"
"98593738462","84","1","Enabled"
"98593738479","174","1","Enabled"
"98593737595","761","1","Enabled"
"98593737601","1273","1","Enabled"
"98593737618","1511","1","Enabled"
"98593737625","1214","1","Enabled"
"98593500892","494","1","Enabled"
"98593500915","889","1","Enabled"
"98593500922","1000","1","Enabled"
"98593500939","796","1","Enabled"
"98593501073","418","1","Enabled"
"98593501080","686","1","Enabled"
"98593501097","799","1","Enabled"
"98593501141","639","1","Enabled"
"98593711694","0","0","Disabled"
"98593755810","0","0","Disabled"
"98593711915","1","0","Disabled"
"98593755582","0","0","Disabled"
"98593755599","0","0","Disabled"
"98593755605","0","0","Disabled"
"98593755612","1","0","Disabled"
"98593755629","0","0","Disabled"
"98593755636","0","0","Disabled"
"98593755643","0","0","Disabled"
"98593755650","0","0","Disabled"
"98593755667","0","0","Disabled"
"98593755681","0","0","Disabled"
"98593755698","0","0","Disabled"
"98593755704","0","0","Disabled"
"98593755711","0","0","Disabled"
"98593755728","0","0","Disabled"
"98593755735","0","0","Disabled"
"98593755759","0","0","Disabled"
"98593755766","0","0","Disabled"
"98593744845","4","0","Disabled"
"98593744906","7","0","Disabled"
"98593744913","0","0","Disabled"
"98593744920","2","0","Disabled"
"98593744999","45","1","Enabled"
"98593745002","61","1","Enabled"
"98593745071","53","1","Enabled"
"98593745088","10","1","Enabled"
"98593745101","32","1","Enabled"
"98593745118","52","1","Enabled"
"98593745125","52","1","Enabled"
"98593745132","15","1","Enabled"
"98593744548","240","1","Enabled"
"98593744555","525","1","Enabled"
"98593744715","316","1","Enabled"
"98593744722","6","0","Disabled"
"98593744746","194","1","Enabled"
"98593744753","410","1","Enabled"
"98593744760","250","1","Enabled"
"98593744777","0","0","Disabled"
"98593744791","252","1","Enabled"
"98593744807","487","1","Enabled"
"98593744814","290","1","Enabled"
"98593744821","23","1","Enabled"
"98593741523","416","1","Enabled"
"98593741530","1085","1","Enabled"
"98593741554","522","1","Enabled"
"98593741561","65","1","Enabled"
"98593741394","0","0","Disabled"
"98593741400","4","0","Disabled"
"98593741417","0","0","Disabled"
"98593741424","0","0","Disabled"
"98593741448","0","0","Disabled"
"98593741462","0","0","Disabled"
"98593741479","0","0","Disabled"
"98593741486","0","0","Disabled"
"98593740939","0","0","Disabled"
"98593740953","0","0","Disabled"
"98593740960","0","0","Disabled"
"98593740977","0","0","Disabled"
"98593741028","0","0","Disabled"
"98593741035","0","0","Disabled"
"98593741042","0","0","Disabled"
"98593741059","0","0","Disabled"
"98593741592","554","1","Enabled"
"98593741608","987","1","Enabled"
"98593741615","538","1","Enabled"
"98593741639","194","1","Enabled"
"98593741806","0","0","Disabled"
"98593741813","1","0","Disabled"
"98593741882","0","0","Disabled"
"98593741899","0","0","Disabled"
"98593741912","3","0","Disabled"
"98593741929","262","1","Enabled"
"98593741936","0","0","Disabled"
"98593741943","0","0","Disabled"
"98593741967","331","1","Enabled"
"98593741974","602","1","Enabled"
"98593741981","167","1","Enabled"
"98593741998","21","1","Enabled"
"98593741684","165","1","Enabled"
"98593741714","522","1","Enabled"
"98593741721","214","1","Enabled"
"98593741738","61","1","Enabled"
"98593741752","0","0","Disabled"
"98593741769","0","0","Disabled"
"98593741776","0","0","Disabled"
"98593741783","0","0","Disabled"
"98593741271","501","1","Enabled"
"98593741295","1046","1","Enabled"
"98593741301","435","1","Enabled"
"98593741318","95","1","Enabled"
"98593741332","643","1","Enabled"
"98593741349","1353","1","Enabled"
"98593741356","547","1","Enabled"
"98593741363","125","1","Enabled"
"98593111722","1338","1","Enabled"
"98593111739","2830","1","Enabled"
"98593111746","1248","1","Enabled"
"98593111753","306","1","Enabled"
"98593741073","370","1","Enabled"
"98593741141","858","1","Enabled"
"98593741172","600","1","Enabled"
"98593741189","439","1","Enabled"
"98593741202","190","1","Enabled"
"98593741219","628","1","Enabled"
"98593741226","359","1","Enabled"
"98593741233","215","1","Enabled"
"98593745422","0","0","Disabled"
"98593745439","0","0","Disabled"
"98593745446","0","0","Disabled"
"98593745453","0","0","Disabled"
"98593745477","0","0","Disabled"
"98593745484","0","0","Disabled"
"98593745491","0","0","Disabled"
"98593745507","0","0","Disabled"
"98593745521","0","0","Disabled"
"98593745538","0","0","Disabled"
"98593745545","0","0","Disabled"
"98593745552","0","0","Disabled"
"98593745576","0","0","Disabled"
"98593745583","0","0","Disabled"
"98593745590","0","0","Disabled"
"98593745606","0","0","Disabled"
"98593745156","0","0","Disabled"
"98593745163","0","0","Disabled"
"98593745187","0","0","Disabled"
"98593745194","0","0","Disabled"
"98593745224","0","0","Disabled"
"98593745231","0","0","Disabled"
"98593745248","0","0","Disabled"
"98593745262","0","0","Disabled"
"98593745286","0","0","Disabled"
"98593745293","0","0","Disabled"
"98593745309","0","0","Disabled"
"98593745354","0","0","Disabled"
"98593745378","0","0","Disabled"
"98593745385","0","0","Disabled"
"98593745392","0","0","Disabled"
"98593745408","1","0","Disabled"
"98593745620","0","0","Disabled"
"98593745637","0","0","Disabled"
"98593745644","0","0","Disabled"
"98593745651","0","0","Disabled"
"98593745675","0","0","Disabled"
"98593745682","0","0","Disabled"
"98593745699","0","0","Disabled"
"98593745705","0","0","Disabled"
"98593745729","0","0","Disabled"
"98593745743","0","0","Disabled"
"98593745750","0","0","Disabled"
"98593745767","0","0","Disabled"
"98593745811","0","0","Disabled"
"98593745828","0","0","Disabled"
"98593745835","0","0","Disabled"
"98593745842","0","0","Disabled"
"98593745866","0","0","Disabled"
"98593745873","0","0","Disabled"
"98593745880","0","0","Disabled"
"98593745897","0","0","Disabled"
"98593745910","0","0","Disabled"
"98593745941","0","0","Disabled"
"98593745958","0","0","Disabled"
"98593745965","0","0","Disabled"
"98593745989","0","0","Disabled"
"98593745996","0","0","Disabled"
"98593746009","0","0","Disabled"
"98593746016","0","0","Disabled"
"98593746047","0","0","Disabled"
"98593746054","0","0","Disabled"
"98593746078","0","0","Disabled"
"98593746085","0","0","Disabled"
"98593746153","268","1","Enabled"
"98593746160","784","1","Enabled"
"98593746177","525","1","Enabled"
"98593746191","106","1","Enabled"
"98593746214","240","1","Enabled"
"98593746238","330","1","Enabled"
"98593746245","377","1","Enabled"
"98593746252","90","1","Enabled"
"98593746283","325","1","Enabled"
"98593746290","710","1","Enabled"
"98593746313","390","1","Enabled"
"98593746320","136","1","Enabled"
"98593746344","257","1","Enabled"
"98593746351","801","1","Enabled"
"98593746368","648","1","Enabled"
"98593746375","189","1","Enabled"
"98593746399","318","1","Enabled"
"98593746412","710","1","Enabled"
"98593746429","682","1","Enabled"
"98593746443","205","1","Enabled"
"98593746726","0","0","Disabled"
"98593746733","2","0","Disabled"
"98593746740","0","0","Disabled"
"98593746764","0","0","Disabled"
"98593746788","0","0","Disabled"
"98593746795","0","0","Disabled"
"98593746801","0","0","Disabled"
"98593746818","0","0","Disabled"
"98593746832","0","0","Disabled"
"98593746849","0","0","Disabled"
"98593746856","0","0","Disabled"
"98593746863","0","0","Disabled"
"98593746887","0","0","Disabled"
"98593746894","0","0","Disabled"
"98593746900","0","0","Disabled"
"98593746917","0","0","Disabled"
"98593746467","74","1","Enabled"
"98593746481","60","1","Enabled"
"98593746498","74","1","Enabled"
"98593746504","13","1","Enabled"
"98593746542","20","1","Enabled"
"98593746559","105","1","Enabled"
"98593746573","29","1","Enabled"
"98593746580","0","0","Disabled"
"98593746610","30","1","Enabled"
"98593746627","88","1","Enabled"
"98593746634","55","1","Enabled"
"98593746658","0","0","Disabled"
"98593746672","20","1","Enabled"
"98593746689","80","1","Enabled"
"98593746696","55","1","Enabled"
"98593746702","0","0","Disabled"
"98593746931","86","1","Enabled"
"98593746948","161","1","Enabled"
"98593746955","171","1","Enabled"
"98593746962","90","1","Enabled"
"98593746986","91","1","Enabled"
"98593746993","177","1","Enabled"
"98593747006","190","1","Enabled"
"98593747013","96","1","Enabled"
"98593747037","76","1","Enabled"
"98593747044","349","1","Enabled"
"98593747051","266","1","Enabled"
"98593747068","78","1","Enabled"
"98593747136","15","1","Enabled"
"98593747143","249","1","Enabled"
"98593747150","259","1","Enabled"
"98593747167","15","1","Enabled"
"98593798442","62","1","Enabled"
"98593798428","119","1","Enabled"
"98593798411","23","1","Enabled"
"98593798459","3","0","Disabled"
"98593798503","24","1","Enabled"
"98593798497","92","1","Enabled"
"98593798473","3","0","Disabled"
"98593798510","11","1","Enabled"
"98593798589","21","1","Enabled"
"98593798572","88","1","Enabled"
"98593798565","0","0","Disabled"
"98593798664","12","1","Enabled"
"98593798701","73","1","Enabled"
"98593798695","150","1","Enabled"
"98593798688","28","1","Enabled"
"98593798718","28","1","Enabled"
"98593798145","36","1","Enabled"
"98593798138","132","1","Enabled"
"98593798121","46","1","Enabled"
"98593798152","30","1","Enabled"
"98593798282","11","1","Enabled"
"98593798268","95","1","Enabled"
"98593798251","44","1","Enabled"
"98593798299","19","1","Enabled"
"98593798350","28","1","Enabled"
"98593798343","113","1","Enabled"
"98593798312","28","1","Enabled"
"98593798367","17","1","Enabled"
"98593747105","285","1","Enabled"
"98593747099","268","1","Enabled"
"98593747082","92","1","Enabled"
"98593747112","97","1","Enabled"
"98593799517","31","1","Enabled"
"98593799524","40","1","Enabled"
"98593799531","31","1","Enabled"
"98593799548","7","0","Disabled"
"98593799562","21","1","Enabled"
"98593799579","25","1","Enabled"
"98593799586","21","1","Enabled"
"98593799593","1","0","Disabled"
"98593799616","18","1","Enabled"
"98593799623","17","1","Enabled"
"98593799630","24","1","Enabled"
"98593799647","0","0","Disabled"
"98593799661","22","1","Enabled"
"98593799678","32","1","Enabled"
"98593799685","24","1","Enabled"
"98593799692","4","0","Disabled"
"98593798992","100","1","Enabled"
"98593799029","221","1","Enabled"
"98593799036","106","1","Enabled"
"98593799043","19","1","Enabled"
"98593799067","3","0","Disabled"
"98593799074","57","1","Enabled"
"98593799081","0","0","Disabled"
"98593799098","0","0","Disabled"
"98593799111","27","1","Enabled"
"98593799128","123","1","Enabled"
"98593799135","41","1","Enabled"
"98593799142","2","0","Disabled"
"98593799166","103","1","Enabled"
"98593799173","232","1","Enabled"
"98593799180","111","1","Enabled"
"98593799197","26","1","Enabled"
"98593799210","308","1","Enabled"
"98593799227","662","1","Enabled"
"98593799234","425","1","Enabled"
"98593799241","153","1","Enabled"
"98593799265","194","1","Enabled"
"98593799272","518","1","Enabled"
"98593799289","323","1","Enabled"
"98593799296","110","1","Enabled"
"98593799319","118","1","Enabled"
"98593799326","422","1","Enabled"
"98593799333","348","1","Enabled"
"98593799340","110","1","Enabled"
"98593799364","280","1","Enabled"
"98593799371","540","1","Enabled"
"98593799388","335","1","Enabled"
"98593799395","96","1","Enabled"
"98593799418","404","1","Enabled"
"98593799425","790","1","Enabled"
"98593799432","461","1","Enabled"
"98593799449","0","0","Disabled"
"98593799463","460","1","Enabled"
"98593799470","989","1","Enabled"
"98593799487","552","1","Enabled"
"98593799494","57","1","Enabled"
"98593798749","494","1","Enabled"
"98593798756","1158","1","Enabled"
"98593798763","711","1","Enabled"
"98593798770","257","1","Enabled"
"98593798794","516","1","Enabled"
"98593798800","1200","1","Enabled"
"98593798817","734","1","Enabled"
"98593798824","264","1","Enabled"
"98593798848","516","1","Enabled"
"98593798855","1200","1","Enabled"
"98593798862","733","1","Enabled"
"98593798879","266","1","Enabled"
"98593798893","504","1","Enabled"
"98593798909","1178","1","Enabled"
"98593798916","716","1","Enabled"
"98593798923","258","1","Enabled"
"98593798947","478","1","Enabled"
"98593798954","1124","1","Enabled"
"98593798961","692","1","Enabled"
"98593798978","247","1","Enabled"
"98593814241","32","1","Enabled"
"98593814258","75","1","Enabled"
"98593814265","79","1","Enabled"
"98593814272","44","1","Enabled"
"98593814296","34","1","Enabled"
"98593814302","78","1","Enabled"
"98593814319","80","1","Enabled"
"98593814326","46","1","Enabled"
"98593814340","12","1","Enabled"
"98593814357","46","1","Enabled"
"98593814364","60","1","Enabled"
"98593814371","38","1","Enabled"
"98593814395","8","0","Disabled"
"98593814401","40","1","Enabled"
"98593814418","54","1","Enabled"
"98593814425","36","1","Enabled"
"98593814593","18","1","Enabled"
"98593814609","52","1","Enabled"
"98593814616","66","1","Enabled"
"98593814623","40","1","Enabled"
"98593814647","34","1","Enabled"
"98593814654","130","1","Enabled"
"98593814661","80","1","Enabled"
"98593814678","0","0","Disabled"
"98593814692","36","1","Enabled"
"98593814708","80","1","Enabled"
"98593814715","84","1","Enabled"
"98593814722","44","1","Enabled"
"98593814746","30","1","Enabled"
"98593814753","120","1","Enabled"
"98593814760","78","1","Enabled"
"98593814777","0","0","Disabled"
"98593814791","26","1","Enabled"
"98593814807","62","1","Enabled"
"98593814814","70","1","Enabled"
"98593814821","40","1","Enabled"
"98593814845","18","1","Enabled"
"98593814852","97","1","Enabled"
"98593814869","64","1","Enabled"
"98593814876","0","0","Disabled"
"98593814890","26","1","Enabled"
"98593814906","116","1","Enabled"
"98593814913","72","1","Enabled"
"98593814920","0","0","Disabled"
"98593814043","132","1","Enabled"
"98593814050","426","1","Enabled"
"98593814067","279","1","Enabled"
"98593814074","0","0","Disabled"
"98593814098","136","1","Enabled"
"98593814104","429","1","Enabled"
"98593814111","282","1","Enabled"
"98593814128","0","0","Disabled"
"98593814142","169","1","Enabled"
"98593814159","358","1","Enabled"
"98593814166","366","1","Enabled"
"98593814173","188","1","Enabled"
"98593814197","118","1","Enabled"
"98593814203","252","1","Enabled"
"98593814210","260","1","Enabled"
"98593814227","138","1","Enabled"
"98593815156","0","0","Disabled"
"98593815163","56","1","Enabled"
"98593815170","242","1","Enabled"
"98593815187","149","1","Enabled"
"98593815194","0","0","Disabled"
"98593815200","0","0","Disabled"
"98593815217","130","1","Enabled"
"98593815224","276","1","Enabled"
"98593815231","276","1","Enabled"
"98593815248","142","1","Enabled"
"98593815255","0","0","Disabled"
"98593815262","76","1","Enabled"
"98593815279","268","1","Enabled"
"98593815286","168","1","Enabled"
"98593815293","0","0","Disabled"
"98593815309","0","0","Disabled"
"98593815316","98","1","Enabled"
"98593815323","230","1","Enabled"
"98593815330","246","1","Enabled"
"98593815347","136","1","Enabled"
"98593814432","0","0","Disabled"
"98593814449","86","1","Enabled"
"98593814456","182","1","Enabled"
"98593814463","184","1","Enabled"
"98593814470","94","1","Enabled"
"98593814487","0","0","Disabled"
"98593814494","86","1","Enabled"
"98593814500","282","1","Enabled"
"98593814517","182","1","Enabled"
"98593814524","0","0","Disabled"
"98593814531","0","0","Disabled"
"98593814548","82","1","Enabled"
"98593814555","178","1","Enabled"
"98593814562","178","1","Enabled"
"98593814579","94","1","Enabled"
"98593808080","0","0","Disabled"
"98593808097","112","1","Enabled"
"98593808103","224","1","Enabled"
"98593808110","123","1","Enabled"
"98593808127","19","1","Enabled"
"98593808134","0","0","Disabled"
"98593808141","86","1","Enabled"
"98593808158","246","1","Enabled"
"98593808165","119","1","Enabled"
"98593808172","58","1","Enabled"
"98593808189","0","0","Disabled"
"98593808196","117","1","Enabled"
"98593808202","259","1","Enabled"
"98593808219","140","1","Enabled"
"98593808226","31","1","Enabled"
"98593808233","0","0","Disabled"
"98593808240","106","1","Enabled"
"98593808257","234","1","Enabled"
"98593808264","133","1","Enabled"
"98593808271","28","1","Enabled"
"98593808288","0","0","Disabled"
"98593808295","82","1","Enabled"
"98593808301","231","1","Enabled"
"98593808318","111","1","Enabled"
"98593808325","54","1","Enabled"
"98593818577","0","0","Disabled"
"98593818584","0","0","Disabled"
"98593818591","0","0","Disabled"
"98593818607","0","0","Disabled"
"98593818614","0","0","Disabled"
"98593808332","0","0","Disabled"
"98593808349","116","1","Enabled"
"98593808356","255","1","Enabled"
"98593808363","142","1","Enabled"
"98593808370","33","1","Enabled"
"98593818621","0","0","Disabled"
"98593818638","0","0","Disabled"
"98593818645","0","0","Disabled"
"98593818652","0","0","Disabled"
"98593818669","0","0","Disabled"
"98593808387","0","0","Disabled"
"98593808394","91","1","Enabled"
"98593808400","243","1","Enabled"
"98593808417","115","1","Enabled"
"98593808424","52","1","Enabled"
"98593818218","0","0","Disabled"
"98593818225","0","0","Disabled"
"98593818232","0","0","Disabled"
"98593818249","0","0","Disabled"
"98593818256","0","0","Disabled"
"98593807557","0","0","Disabled"
"98593807564","81","1","Enabled"
"98593807571","213","1","Enabled"
"98593807588","105","1","Enabled"
"98593807595","46","1","Enabled"
"98593818263","0","0","Disabled"
"98593818270","0","0","Disabled"
"98593818287","0","0","Disabled"
"98593818294","0","0","Disabled"
"98593818300","0","0","Disabled"
"98593818317","0","0","Disabled"
"98593818324","0","0","Disabled"
"98593818331","0","0","Disabled"
"98593818348","0","0","Disabled"
"98593818355","0","0","Disabled"
"98593807601","0","0","Disabled"
"98593807618","124","1","Enabled"
"98593807632","280","1","Enabled"
"98593807663","160","1","Enabled"
"98593807670","36","1","Enabled"
"98593807687","0","0","Disabled"
"98593807694","124","1","Enabled"
"98593807700","280","1","Enabled"
"98593807717","160","1","Enabled"
"98593807724","36","1","Enabled"
"98593818362","0","0","Disabled"
"98593818379","0","0","Disabled"
"98593818386","0","0","Disabled"
"98593818393","0","0","Disabled"
"98593818409","0","0","Disabled"
"98593807731","0","0","Disabled"
"98593807748","108","1","Enabled"
"98593807755","224","1","Enabled"
"98593807762","129","1","Enabled"
"98593807779","25","1","Enabled"
"98593818416","0","0","Disabled"
"98593818423","0","0","Disabled"
"98593818430","0","0","Disabled"
"98593818447","0","0","Disabled"
"98593818454","0","0","Disabled"
"98593807786","0","0","Disabled"
"98593807793","82","1","Enabled"
"98593807809","221","1","Enabled"
"98593807816","114","1","Enabled"
"98593807823","46","1","Enabled"
"98593807830","0","0","Disabled"
"98593807847","83","1","Enabled"
"98593807854","223","1","Enabled"
"98593807861","110","1","Enabled"
"98593807878","52","1","Enabled"
"98593807885","0","0","Disabled"
"98593807892","86","1","Enabled"
"98593807908","218","1","Enabled"
"98593807915","109","1","Enabled"
"98593807922","44","1","Enabled"
"98593807939","0","0","Disabled"
"98593807946","88","1","Enabled"
"98593807953","223","1","Enabled"
"98593807960","102","1","Enabled"
"98593807977","51","1","Enabled"
"98593807984","0","0","Disabled"
"98593807991","88","1","Enabled"
"98593808004","248","1","Enabled"
"98593808011","126","1","Enabled"
"98593808028","55","1","Enabled"
"98593808035","0","0","Disabled"
"98593808042","87","1","Enabled"
"98593808059","261","1","Enabled"
"98593808066","130","1","Enabled"
"98593808073","47","1","Enabled"
"98593808431","0","0","Disabled"
"98593808448","113","1","Enabled"
"98593808479","256","1","Enabled"
"98593808486","137","1","Enabled"
"98593808509","31","1","Enabled"
"98593808516","0","0","Disabled"
"98593808523","110","1","Enabled"
"98593808530","268","1","Enabled"
"98593808561","144","1","Enabled"
"98593808578","34","1","Enabled"
"98593808585","0","0","Disabled"
"98593808592","109","1","Enabled"
"98593808608","249","1","Enabled"
"98593808615","130","1","Enabled"
"98593808622","27","1","Enabled"
"98593808639","0","0","Disabled"
"98593808646","96","1","Enabled"
"98593808653","264","1","Enabled"
"98593808660","132","1","Enabled"
"98593808677","54","1","Enabled"
"98593808684","0","0","Disabled"
"98593808691","91","1","Enabled"
"98593808707","263","1","Enabled"
"98593808714","127","1","Enabled"
"98593808721","55","1","Enabled"
"98593808738","0","0","Disabled"
"98593808745","118","1","Enabled"
"98593808790","255","1","Enabled"
"98593808806","141","1","Enabled"
"98593808813","32","1","Enabled"
"98593808820","0","0","Disabled"
"98593808837","92","1","Enabled"
"98593808844","258","1","Enabled"
"98593808851","138","1","Enabled"
"98593808868","58","1","Enabled"
"98593808875","0","0","Disabled"
"98593808882","95","1","Enabled"
"98593808899","274","1","Enabled"
"98593808905","126","1","Enabled"
"98593808912","54","1","Enabled"
"98593808929","0","0","Disabled"
"98593808936","120","1","Enabled"
"98593808943","270","1","Enabled"
"98593808950","153","1","Enabled"
"98593808967","35","1","Enabled"
"98593808974","0","0","Disabled"
"98593808981","101","1","Enabled"
"98593808998","277","1","Enabled"
"98593809001","141","1","Enabled"
"98593809018","56","1","Enabled"
"98593809025","0","0","Disabled"
"98593809032","117","1","Enabled"
"98593809049","256","1","Enabled"
"98593809056","149","1","Enabled"
"98593809063","30","1","Enabled"
"98593809070","0","0","Disabled"
"98593809087","119","1","Enabled"
"98593809094","264","1","Enabled"
"98593809100","149","1","Enabled"
"98593809117","33","1","Enabled"
"98593809124","0","0","Disabled"
"98593809131","102","1","Enabled"
"98593809148","276","1","Enabled"
"98593809155","137","1","Enabled"
"98593809162","57","1","Enabled"
"98593809179","0","0","Disabled"
"98593809186","120","1","Enabled"
"98593809193","254","1","Enabled"
"98593809209","150","1","Enabled"
"98593809216","31","1","Enabled"
"98593809223","0","0","Disabled"
"98593809230","99","1","Enabled"
"98593809247","273","1","Enabled"
"98593809254","143","1","Enabled"
"98593809261","60","1","Enabled"
"98593818720","0","0","Disabled"
"98593818737","0","0","Disabled"
"98593818744","0","0","Disabled"
"98593818751","0","0","Disabled"
"98593818768","0","0","Disabled"
"98593809278","0","0","Disabled"
"98593809285","100","1","Enabled"
"98593809292","280","1","Enabled"
"98593809308","143","1","Enabled"
"98593809315","54","1","Enabled"
"98593812728","0","0","Disabled"
"98593812735","320","1","Enabled"
"98593812742","869","1","Enabled"
"98593812759","599","1","Enabled"
"98593812766","0","0","Disabled"
"98593812773","0","0","Disabled"
"98593812780","507","1","Enabled"
"98593812797","1488","1","Enabled"
"98593812803","997","1","Enabled"
"98593812810","0","0","Disabled"
"98593812827","0","0","Disabled"
"98593812834","300","1","Enabled"
"98593812841","594","1","Enabled"
"98593812858","595","1","Enabled"
"98593812865","298","1","Enabled"
"98593812872","0","0","Disabled"
"98593812889","508","1","Enabled"
"98593812896","989","1","Enabled"
"98593812902","993","1","Enabled"
"98593812919","498","1","Enabled"
"98593812926","0","0","Disabled"
"98593812933","198","1","Enabled"
"98593812940","585","1","Enabled"
"98593812957","395","1","Enabled"
"98593812971","0","0","Disabled"
"98593812988","0","0","Disabled"
"98593812995","245","1","Enabled"
"98593813008","488","1","Enabled"
"98593813015","488","1","Enabled"
"98593813022","243","1","Enabled"
"98593813039","0","0","Disabled"
"98593813046","496","1","Enabled"
"98593813053","1482","1","Enabled"
"98593813060","994","1","Enabled"
"98593813077","0","0","Disabled"
"98593813084","0","0","Disabled"
"98593813091","548","1","Enabled"
"98593813107","1088","1","Enabled"
"98593813114","1089","1","Enabled"
"98593813121","548","1","Enabled"
"98593813138","0","0","Disabled"
"98593813145","495","1","Enabled"
"98593813152","1486","1","Enabled"
"98593813169","994","1","Enabled"
"98593813176","0","0","Disabled"
"98593813183","0","0","Disabled"
"98593813190","499","1","Enabled"
"98593813206","1501","1","Enabled"
"98593813213","1007","1","Enabled"
"98593813220","0","0","Disabled"
"98593813237","0","0","Disabled"
"98593813244","0","0","Disabled"
"98593813251","0","0","Disabled"
"98593813268","0","0","Disabled"
"98593813275","0","0","Disabled"
"98593813282","0","0","Disabled"
"98593813299","0","0","Disabled"
"98593813305","0","0","Disabled"
"98593813312","0","0","Disabled"
"98593813329","0","0","Disabled"
"98593813336","0","0","Disabled"
"98593813343","0","0","Disabled"
"98593813350","0","0","Disabled"
"98593813367","0","0","Disabled"
"98593813374","0","0","Disabled"
"98593813381","0","0","Disabled"
"98593813398","0","0","Disabled"
"98593813404","0","0","Disabled"
"98593813411","0","0","Disabled"
"98593813428","0","0","Disabled"
"98593812520","0","0","Disabled"
"98593812537","250","1","Enabled"
"98593812544","750","1","Enabled"
"98593812551","500","1","Enabled"
"98593812568","0","0","Disabled"
"98593812575","0","0","Disabled"
"98593812582","250","1","Enabled"
"98593812599","500","1","Enabled"
"98593812605","500","1","Enabled"
"98593812612","250","1","Enabled"
"98593812629","0","0","Disabled"
"98593812636","250","1","Enabled"
"98593812643","740","1","Enabled"
"98593812650","508","1","Enabled"
"98593812667","0","0","Disabled"
"98593812674","0","0","Disabled"
"98593812681","544","1","Enabled"
"98593812698","1081","1","Enabled"
"98593812704","1122","1","Enabled"
"98593812711","545","1","Enabled"
"98593813435","0","0","Disabled"
"98593813442","590","1","Enabled"
"98593813459","1185","1","Enabled"
"98593813466","1198","1","Enabled"
"98593813473","597","1","Enabled"
"98593813480","0","0","Disabled"
"98593813497","544","1","Enabled"
"98593813503","1642","1","Enabled"
"98593813510","1070","1","Enabled"
"98593813527","0","0","Disabled"
"98593813534","0","0","Disabled"
"98593813541","607","1","Enabled"
"98593813558","1154","1","Enabled"
"98593813565","1182","1","Enabled"
"98593813572","594","1","Enabled"
"98593813589","0","0","Disabled"
"98593813596","252","1","Enabled"
"98593813602","758","1","Enabled"
"98593813619","476","1","Enabled"
"98593813626","0","0","Disabled"
"98593813633","0","0","Disabled"
"98593813640","222","1","Enabled"
"98593813657","481","1","Enabled"
"98593813664","471","1","Enabled"
"98593813671","247","1","Enabled"
"98593813688","0","0","Disabled"
"98593813695","544","1","Enabled"
"98593813701","1637","1","Enabled"
"98593813718","1091","1","Enabled"
"98593813725","0","0","Disabled"
"98593813732","0","0","Disabled"
"98593813749","250","1","Enabled"
"98593813756","750","1","Enabled"
"98593813763","500","1","Enabled"
"98593813770","0","0","Disabled"
"98593814371","38","1","Enabled"
"98593814364","60","1","Enabled"
"98593814357","46","1","Enabled"
"98593814340","12","1","Enabled"
"98593814272","44","1","Enabled"
"98593814265","79","1","Enabled"
"98593814258","75","1","Enabled"
"98593814241","32","1","Enabled"
"98593814425","36","1","Enabled"
"98593814418","54","1","Enabled"
"98593814401","40","1","Enabled"
"98593814395","8","0","Disabled"
"98593814326","46","1","Enabled"
"98593814319","80","1","Enabled"
"98593814302","78","1","Enabled"
"98593814296","34","1","Enabled"
"98593814173","188","1","Enabled"
"98593814166","366","1","Enabled"
"98593814159","358","1","Enabled"
"98593814142","169","1","Enabled"
"98593814074","0","0","Disabled"
"98593814067","279","1","Enabled"
"98593814050","426","1","Enabled"
"98593814043","132","1","Enabled"
"98593814227","138","1","Enabled"
"98593814210","260","1","Enabled"
"98593814203","252","1","Enabled"
"98593814197","118","1","Enabled"
"98593814128","0","0","Disabled"
"98593814111","282","1","Enabled"
"98593814104","429","1","Enabled"
"98593814098","136","1","Enabled"
"98593814524","0","0","Disabled"
"98593814517","182","1","Enabled"
"98593814500","282","1","Enabled"
"98593814494","86","1","Enabled"
"98593814579","94","1","Enabled"
"98593814562","178","1","Enabled"
"98593814555","178","1","Enabled"
"98593814548","82","1","Enabled"
"98593814470","94","1","Enabled"
"98593814463","184","1","Enabled"
"98593814456","182","1","Enabled"
"98593814449","86","1","Enabled"
"98593813220","0","0","Disabled"
"98593813213","1007","1","Enabled"
"98593813206","1501","1","Enabled"
"98593813190","499","1","Enabled"
"98593813183","0","0","Disabled"
"98593813176","0","0","Disabled"
"98593813169","994","1","Enabled"
"98593813152","1486","1","Enabled"
"98593813145","495","1","Enabled"
"98593813121","548","1","Enabled"
"98593813114","1089","1","Enabled"
"98593813107","1088","1","Enabled"
"98593813091","548","1","Enabled"
"98593813077","0","0","Disabled"
"98593813060","994","1","Enabled"
"98593813053","1482","1","Enabled"
"98593813046","496","1","Enabled"
"98593813022","243","1","Enabled"
"98593813015","488","1","Enabled"
"98593813008","488","1","Enabled"
"98593812995","245","1","Enabled"
"98593812971","0","0","Disabled"
"98593812957","395","1","Enabled"
"98593812940","585","1","Enabled"
"98593812933","198","1","Enabled"
"98593813428","0","0","Disabled"
"98593813411","0","0","Disabled"
"98593813404","0","0","Disabled"
"98593813398","0","0","Disabled"
"98593813381","0","0","Disabled"
"98593813374","0","0","Disabled"
"98593813367","0","0","Disabled"
"98593813350","0","0","Disabled"
"98593813343","0","0","Disabled"
"98593813329","0","0","Disabled"
"98593813312","0","0","Disabled"
"98593813305","0","0","Disabled"
"98593813299","0","0","Disabled"
"98593813275","0","0","Disabled"
"98593813268","0","0","Disabled"
"98593813251","0","0","Disabled"
"98593813244","0","0","Disabled"
"98593818560","0","0","Disabled"
"98593818553","0","0","Disabled"
"98593818546","0","0","Disabled"
"98593818539","0","0","Disabled"
"98593818515","0","0","Disabled"
"98593818508","0","0","Disabled"
"98593818492","0","0","Disabled"
"98593818485","0","0","Disabled"
"98593762245","325","1","Enabled"
"98593762238","650","1","Enabled"
"98593762221","650","1","Enabled"
"98593762214","325","1","Enabled"
"98593815149","94","1","Enabled"
"98593815132","176","1","Enabled"
"98593815125","136","1","Enabled"
"98593815118","56","1","Enabled"
"98593815095","90","1","Enabled"
"98593815088","160","1","Enabled"
"98593815071","160","1","Enabled"
"98593815064","68","1","Enabled"
"98593815040","0","0","Disabled"
"98593815033","155","1","Enabled"
"98593815026","244","1","Enabled"
"98593815019","58","1","Enabled"
"98593814999","0","0","Disabled"
"98593814982","176","1","Enabled"
"98593814975","276","1","Enabled"
"98593814968","80","1","Enabled"
